name,position,school,age,draft_pick,season,college_games,conference,conference_ACC,conference_Big 12,conference_Big Ten,conference_Other,conference_SEC,pass_yds_pg,pass_tds_pg,pass_int_pg,rush_yds_pg,rush_tds_pg,completion_pct,pass_rating,yards_per_attempt,volume_pg,total_yards,total_tds,scrimmage_yds_pg,tds_pg,yards_per_touch,latest_vs_prev_yards_pg,latest_vs_prev_tds_pg,draft_pick_log,draft_pick_inverse,nfl_games,nfl_passingYDS,nfl_passingTDS,nfl_passingINT,nfl_rushingYDS,nfl_rushingTDS,fantasy_points,position_QB,position_RB,position_WR,position_TE,rush_att_pg,rec_pg,rec_yds_pg,rec_tds_pg,rush_yards_per_att,nfl_recs,nfl_recYDS,nfl_recTDS,yards_per_rec
Aidan O'Connell,QB,Purdue,25,135.0,2022.0,12.0,Big Ten,0,0,1,0,0,290.8333333333333,1.8333333333333333,1.0833333333333333,-6.75,0.08333333333333333,64.1,132.2,6.993987975951904,41.583333333333336,3409.0,23.0,284.0833333333333,1.9166666666666667,6.831663326653306,-15.25,-0.4999999999999998,4.912654885736052,0.08606629658238704,11.0,2218.0,12.0,7.0,11.0,1.0,129.82,1,0,0,0,,,,,,,,,
Alex McGough,QB,Florida International,22,220.0,2017.0,13.0,Other,0,0,0,1,0,215.23076923076923,1.3076923076923077,0.6153846153846154,17.76923076923077,0.38461538461538464,65.4,142.9,7.881690140845071,27.307692307692307,3029.0,22.0,233.0,1.6923076923076923,8.532394366197183,9.888888888888886,-0.19658119658119655,5.3981627015177525,0.06741998624632421,,,,,,,0.0,1,0,0,0,,,,,,,,,
Anthony Richardson,QB,Florida,21,4.0,2022.0,12.0,SEC,0,0,0,0,1,212.41666666666666,1.4166666666666667,0.75,54.5,0.75,53.8,131.0,7.795107033639144,27.25,3203.0,26.0,266.9166666666667,2.1666666666666665,9.795107033639143,150.66666666666669,1.0416666666666665,1.6094379124341003,0.5,4.0,577.0,3.0,1.0,136.0,4.0,70.68,1,0,0,0,,,,,,,,,
Bailey Zappe,QB,Western Kentucky,23,137.0,2021.0,14.0,Other,0,0,0,1,0,426.2142857142857,4.428571428571429,0.7857142857142857,1.2142857142857142,0.21428571428571427,69.1,168.7,8.685589519650655,49.07142857142857,5984.0,65.0,427.42857142857144,4.642857142857143,8.71033478893741,0.0,0.0,4.927253685157205,0.0854357657716761,4.0,781.0,5.0,3.0,0.0,0.0,45.24,1,0,0,0,,,,,,,,,
Baker Mayfield,QB,Oklahoma,23,1.0,2017.0,14.0,SEC,0,0,0,0,1,330.5,3.0714285714285716,0.42857142857142855,22.214285714285715,0.35714285714285715,70.5,198.9,11.452970297029703,28.857142857142858,4938.0,48.0,352.7142857142857,3.4285714285714284,12.222772277227723,34.09890109890108,-0.10989010989010994,0.6931471805599453,1.0,14.0,3725.0,27.0,14.0,131.0,0.0,242.1,1,0,0,0,,,,,,,,,
Ben DiNucci,QB,James Madison,23,231.0,2017.0,10.0,Other,0,0,0,1,0,109.1,0.5,0.5,12.6,0.1,55.7,117.8,6.905063291139241,15.8,1217.0,6.0,121.7,0.6,7.70253164556962,104.7,0.09999999999999998,5.44673737166631,0.0657951694959769,3.0,219.0,0.0,0.0,22.0,0.0,10.96,1,0,0,0,,,,,,,,,
Bo Nix,QB,Oregon,24,12.0,2023.0,14.0,Big Ten,0,0,1,0,0,322.0,3.2142857142857144,0.21428571428571427,16.714285714285715,0.42857142857142855,77.4,188.3,9.591489361702127,33.57142857142857,4742.0,51.0,338.7142857142857,3.642857142857143,10.089361702127661,23.09890109890108,0.3351648351648353,2.5649493574615367,0.2886751345948129,17.0,3775.0,29.0,12.0,430.0,4.0,310.0,1,0,0,0,,,,,,,,,
Brad Kaaya,QB,Miami (FL),22,215.0,2016.0,13.0,ACC,1,0,0,0,0,271.6923076923077,2.076923076923077,0.5384615384615384,-10.461538461538462,0.07692307692307693,62.0,150.3,8.389548693586699,32.38461538461539,3396.0,28.0,261.2307692307692,2.1538461538461537,8.066508313539192,0.9807692307692264,0.6538461538461537,5.375278407684165,0.06819943394704735,,,,,,,0.0,1,0,0,0,,,,,,,,,
Brandon Allen,QB,Arkansas,24,201.0,2015.0,13.0,SEC,0,0,0,0,1,264.61538461538464,2.3076923076923075,0.6153846153846154,8.23076923076923,0.07692307692307693,65.9,166.5,9.297297297297296,28.46153846153846,3547.0,31.0,272.84615384615387,2.3846153846153846,9.586486486486487,97.0769230769231,0.6923076923076923,5.308267697401205,0.07053456158585983,3.0,515.0,3.0,2.0,39.0,0.0,32.5,1,0,0,0,,,,,,,,,
Brandon Doughty,QB,Western Kentucky,24,223.0,2015.0,14.0,Other,0,0,0,1,0,361.07142857142856,3.4285714285714284,0.6428571428571429,-8.714285714285714,0.07142857142857142,71.9,176.5,9.36111111111111,38.57142857142857,4933.0,49.0,352.35714285714283,3.5,9.135185185185184,-15.181318681318714,-0.4230769230769229,5.4116460518550396,0.06696495301824251,,,,,,,0.0,1,0,0,0,,,,,,,,,
Brett Hundley,QB,UCLA,22,147.0,2014.0,13.0,Big Ten,0,0,1,0,0,242.69230769230768,1.6923076923076923,0.38461538461538464,49.53846153846154,0.7692307692307693,69.1,152.7,8.048469387755102,30.153846153846153,3799.0,32.0,292.2307692307692,2.4615384615384617,9.691326530612246,-1.5384615384615472,-0.23076923076923084,4.997212273764115,0.08247860988423225,4.0,17.0,0.0,1.0,-2.0,0.0,-1.5199999999999998,1,0,0,0,,,,,,,,,
Brock Purdy,QB,Iowa St.,22,262.0,2021.0,13.0,Big 12,0,1,0,0,0,245.23076923076923,1.4615384615384615,0.6153846153846154,18.307692307692307,0.07692307692307693,71.7,149.0,7.832923832923833,31.307692307692307,3426.0,20.0,263.53846153846155,1.5384615384615385,8.417690417690418,2.538461538461547,-0.46153846153846145,5.572154032177765,0.06178020632152154,9.0,1374.0,13.0,4.0,13.0,1.0,106.26,1,0,0,0,,,,,,,,,
Bryce Petty,QB,Baylor,24,103.0,2014.0,12.0,Big 12,0,1,0,0,0,321.25,2.4166666666666665,0.5833333333333334,8.416666666666666,0.5,63.1,157.8,9.007009345794392,35.666666666666664,3956.0,35.0,329.6666666666667,2.9166666666666665,9.242990654205608,-9.487179487179446,-0.6217948717948718,4.6443908991413725,0.09853292781642932,6.0,809.0,3.0,7.0,19.0,0.0,32.26,1,0,0,0,,,,,,,,,
Bryce Young,QB,Alabama,22,1.0,2022.0,12.0,SEC,0,0,0,0,1,277.3333333333333,2.6666666666666665,0.4166666666666667,15.416666666666666,0.3333333333333333,64.5,163.2,8.757894736842106,31.666666666666668,3513.0,36.0,292.75,3.0,9.244736842105263,-32.05000000000001,-0.3333333333333335,0.6931471805599453,1.0,16.0,2877.0,11.0,10.0,253.0,0.0,164.38,1,0,0,0,,,,,,,,,
C.J. Beathard,QB,Iowa,23,104.0,2016.0,13.0,Big Ten,0,0,1,0,0,148.3846153846154,1.3076923076923077,0.7692307692307693,-1.0,0.15384615384615385,56.5,122.3,6.408637873754153,23.153846153846153,1916.0,19.0,147.3846153846154,1.4615384615384615,6.365448504983389,-70.1868131868132,-0.18131868131868134,4.653960350157523,0.09805806756909202,7.0,1430.0,4.0,6.0,136.0,3.0,92.80000000000001,1,0,0,0,,,,,,,,,
Caleb Williams,QB,USC,22,1.0,2023.0,12.0,Big Ten,0,0,1,0,0,302.75,2.5,0.4166666666666667,11.833333333333334,0.9166666666666666,68.6,170.1,9.36340206185567,32.333333333333336,3775.0,41.0,314.5833333333333,3.4166666666666665,9.729381443298967,-36.77380952380952,-0.2976190476190479,0.6931471805599453,1.0,17.0,3541.0,20.0,6.0,489.0,0.0,258.54,1,0,0,0,,,,,,,,,
Cardale Jones,QB,Ohio St.,23,139.0,2015.0,10.0,Big Ten,0,0,1,0,0,146.0,0.8,0.5,19.3,0.2,62.5,141.5,8.295454545454545,17.6,1653.0,10.0,165.3,1.0,9.392045454545453,69.50000000000001,0.4,4.941642422609304,0.08481889296799709,1.0,96.0,0.0,1.0,-1.0,0.0,1.7399999999999998,1,0,0,0,,,,,,,,,
Chad Kelly,QB,Mississippi,23,253.0,2016.0,9.0,SEC,0,0,0,0,1,306.44444444444446,2.111111111111111,0.8888888888888888,36.888888888888886,0.5555555555555556,62.5,147.4,8.408536585365853,36.44444444444444,3090.0,24.0,343.3333333333333,2.6666666666666665,9.420731707317074,-6.051282051282044,-0.4871794871794872,5.537334267018537,0.06286946134619315,,,,,,,0.0,1,0,0,0,,,,,,,,,
Christian Hackenberg,QB,Penn St.,21,51.0,2015.0,13.0,Big Ten,0,0,1,0,0,194.23076923076923,1.2307692307692308,0.46153846153846156,-6.153846153846154,0.15384615384615385,53.5,123.9,7.0334261838440115,27.615384615384617,2445.0,18.0,188.07692307692307,1.3846153846153846,6.81058495821727,-33.69230769230771,0.46153846153846145,3.9512437185814275,0.14002800840280097,,,,,,,0.0,1,0,0,0,,,,,,,,,
Clayton Thorson,QB,Northwestern,24,167.0,2018.0,14.0,Big Ten,0,0,1,0,0,227.35714285714286,1.2142857142857142,1.0714285714285714,-7.857142857142857,0.6428571428571429,61.1,121.2,6.50920245398773,34.92857142857143,3073.0,26.0,219.5,1.8571428571428572,6.284253578732106,-1.0384615384615472,0.08791208791208804,5.123963979403259,0.07738232325341368,,,,,,,0.0,1,0,0,0,,,,,,,,,
Clayton Tune,QB,Houston,24,139.0,2022.0,13.0,Big 12,0,1,0,0,0,313.38461538461536,3.076923076923077,0.7692307692307693,41.84615384615385,0.38461538461538464,67.3,158.9,8.213709677419354,38.15384615384615,4618.0,45.0,355.2307692307692,3.4615384615384617,9.310483870967742,90.94505494505495,1.175824175824176,4.941642422609304,0.08481889296799709,7.0,62.0,0.0,2.0,30.0,1.0,7.48,1,0,0,0,,,,,,,,,
Cody Kessler,QB,USC,23,93.0,2015.0,14.0,Big Ten,0,0,1,0,0,252.57142857142858,2.0714285714285716,0.5,-10.642857142857142,0.2857142857142857,66.8,151.7,7.928251121076233,31.857142857142858,3387.0,33.0,241.92857142857142,2.357142857142857,7.5941704035874436,-40.686813186813225,-0.7967032967032965,4.543294782270004,0.10369516947304253,9.0,1380.0,6.0,2.0,18.0,0.0,77.0,1,0,0,0,,,,,,,,,
Cole McDonald,QB,Hawaii,22,224.0,2019.0,14.0,Other,0,0,0,1,0,295.35714285714283,2.357142857142857,1.0,27.357142857142858,0.5,63.8,147.6,8.09197651663405,36.5,4518.0,40.0,322.7142857142857,2.857142857142857,8.841487279843445,-2.978021978021957,-0.2197802197802199,5.41610040220442,0.0668153104781061,,,,,,,0.0,1,0,0,0,,,,,,,,,
Connor Cook,QB,Michigan St.,23,100.0,2015.0,13.0,Big Ten,0,0,1,0,0,240.84615384615384,1.8461538461538463,0.5384615384615384,4.3076923076923075,0.0,56.1,136.6,7.674019607843137,31.384615384615383,3187.0,24.0,245.15384615384616,1.8461538461538463,7.811274509803922,-8.230769230769226,-0.15384615384615374,4.61512051684126,0.1,,,,,,,0.0,1,0,0,0,,,,,,,,,
Dak Prescott,QB,Mississippi St.,23,135.0,2015.0,13.0,SEC,0,0,0,0,1,291.7692307692308,2.230769230769231,0.38461538461538464,45.23076923076923,0.7692307692307693,66.2,151.0,7.951781970649895,36.69230769230769,4381.0,39.0,337.0,3.0,9.184486373165619,-4.153846153846132,-0.15384615384615374,4.912654885736052,0.08606629658238704,16.0,3667.0,23.0,4.0,282.0,6.0,294.88,1,0,0,0,,,,,,,,,
Daniel Jones,QB,Duke,22,6.0,2018.0,11.0,ACC,1,0,0,0,0,243.0909090909091,2.0,0.8181818181818182,29.0,0.2727272727272727,60.5,131.7,6.821428571428571,35.63636363636363,2993.0,25.0,272.09090909090907,2.272727272727273,7.635204081632653,25.244755244755225,0.6573426573426575,1.9459101490553132,0.4082482904638631,13.0,3027.0,24.0,12.0,279.0,2.0,232.98,1,0,0,0,,,,,,,,,
Danny Etling,QB,LSU,24,219.0,2017.0,13.0,SEC,0,0,0,0,1,189.46153846153845,1.2307692307692308,0.15384615384615385,9.846153846153847,0.15384615384615385,60.0,153.0,8.956363636363637,21.153846153846153,2591.0,18.0,199.30769230769232,1.3846153846153846,9.421818181818182,2.125874125874134,0.29370629370629375,5.393627546352362,0.06757373783994859,,,,,,,0.0,1,0,0,0,,,,,,,,,
Davis Mills,QB,Stanford,22,67.0,2020.0,5.0,Other,0,0,0,1,0,301.6,1.4,0.6,7.4,0.6,66.2,139.9,7.733333333333333,39.0,1545.0,10.0,309.0,2.0,7.9230769230769225,58.5,0.625,4.219507705176107,0.12216944435630522,13.0,2664.0,16.0,10.0,44.0,0.0,154.96,1,0,0,0,,,,,,,,,
Davis Webb,QB,California,22,87.0,2016.0,12.0,Other,0,0,0,1,0,357.9166666666667,3.0833333333333335,1.0,-9.166666666666666,0.5,61.6,135.6,6.92741935483871,51.666666666666664,4185.0,43.0,348.75,3.5833333333333335,6.75,287.55,2.783333333333333,4.477336814478207,0.10721125348377948,,,,,,,0.0,1,0,0,0,,,,,,,,,
DeShone Kizer,QB,Notre Dame,21,52.0,2016.0,12.0,Other,0,0,0,1,0,243.75,2.1666666666666665,0.75,39.333333333333336,0.6666666666666666,58.7,145.6,8.102493074792244,30.083333333333332,3397.0,34.0,283.0833333333333,2.8333333333333335,9.409972299168976,21.237179487179446,0.4487179487179489,3.970291913552122,0.1386750490563073,15.0,2894.0,11.0,22.0,419.0,5.0,187.66,1,0,0,0,,,,,,,,,
Deshaun Watson,QB,Clemson,21,12.0,2016.0,15.0,ACC,1,0,0,0,0,306.2,2.7333333333333334,1.1333333333333333,41.93333333333333,0.6,67.0,151.1,7.932642487046632,38.6,5222.0,50.0,348.1333333333333,3.3333333333333335,9.018998272884284,0.8666666666666742,0.20000000000000018,2.5649493574615367,0.2886751345948129,7.0,1699.0,19.0,8.0,269.0,2.0,166.86,1,0,0,0,,,,,,,,,
Desmond Ridder,QB,Cincinnati,23,74.0,2021.0,14.0,Big 12,0,1,0,0,0,238.14285714285714,2.142857142857143,0.5714285714285714,26.071428571428573,0.42857142857142855,64.9,158.7,8.61498708010336,27.642857142857142,3699.0,36.0,264.2142857142857,2.5714285714285716,9.558139534883722,-24.58571428571429,-0.5285714285714285,4.31748811353631,0.11624763874381928,4.0,708.0,2.0,0.0,64.0,0.0,42.72,1,0,0,0,,,,,,,,,
Devin Leary,QB,Kentucky,24,218.0,2023.0,13.0,SEC,0,0,0,0,1,211.23076923076923,1.9230769230769231,0.9230769230769231,-4.615384615384615,0.07692307692307693,56.3,134.3,7.401617250673854,28.53846153846154,2686.0,26.0,206.6153846153846,2.0,7.2398921832884096,-4.384615384615387,-0.3333333333333335,5.389071729816501,0.06772854614785964,,,,,,,0.0,1,0,0,0,,,,,,,,,
Dorian Thompson-Robinson,QB,UCLA,23,140.0,2022.0,13.0,Big Ten,0,0,1,0,0,243.76923076923077,2.076923076923077,0.7692307692307693,49.61538461538461,0.9230769230769231,69.6,157.4,8.295811518324607,29.384615384615383,3814.0,39.0,293.38461538461536,3.0,9.98429319371728,19.020979020978984,0.27272727272727293,4.948759890378168,0.08451542547285165,8.0,440.0,1.0,4.0,65.0,0.0,20.1,1,0,0,0,,,,,,,,,
Drake Maye,QB,North Carolina,22,3.0,2023.0,12.0,ACC,1,0,0,0,0,300.6666666666667,2.0,0.75,37.416666666666664,0.75,63.3,149.0,8.489411764705883,35.416666666666664,4057.0,33.0,338.0833333333333,2.75,9.545882352941177,-20.416666666666686,-0.4642857142857144,1.3862943611198906,0.5773502691896258,13.0,2276.0,15.0,10.0,421.0,2.0,185.14000000000001,1,0,0,0,,,,,,,,,
Drew Lock,QB,Missouri,22,42.0,2018.0,13.0,SEC,0,0,0,0,1,269.0769230769231,2.1538461538461537,0.6153846153846154,13.461538461538462,0.46153846153846156,62.9,147.7,8.004576659038902,33.61538461538461,3673.0,34.0,282.53846153846155,2.6153846153846154,8.405034324942791,-30.923076923076906,-0.8461538461538463,3.7612001156935624,0.1543033499620919,5.0,1020.0,7.0,3.0,72.0,0.0,70.00000000000001,1,0,0,0,,,,,,,,,
Dwayne Haskins,QB,Ohio St.,22,15.0,2018.0,14.0,Big Ten,0,0,1,0,0,345.07142857142856,3.5714285714285716,0.5714285714285714,7.714285714285714,0.2857142857142857,70.0,174.1,9.063789868667918,38.07142857142857,4939.0,54.0,352.7857142857143,3.857142857142857,9.26641651031895,271.4107142857143,3.357142857142857,2.772588722239781,0.2581988897471611,9.0,1365.0,7.0,7.0,101.0,0.0,78.69999999999999,1,0,0,0,,,,,,,,,
Gardner Minshew II,QB,Washington St.,23,178.0,2018.0,13.0,Other,0,0,0,1,0,367.61538461538464,2.923076923076923,0.6923076923076923,9.153846153846153,0.3076923076923077,70.7,147.6,7.219033232628399,50.92307692307692,4898.0,42.0,376.7692307692308,3.230769230769231,7.398791540785499,166.76923076923077,1.6307692307692307,5.187385805840755,0.07495316889958614,14.0,3271.0,21.0,6.0,344.0,0.0,237.24,1,0,0,0,,,,,,,,,
Garrett Grayson,QB,Colorado St.,24,75.0,2014.0,13.0,Other,0,0,0,1,0,308.15384615384613,2.4615384615384617,0.5384615384615384,-3.5384615384615383,0.0,64.3,166.2,9.538095238095238,32.30769230769231,3960.0,32.0,304.61538461538464,2.4615384615384617,9.428571428571429,32.11538461538464,0.6758241758241759,4.330733340286331,0.11547005383792514,,,,,,,0.0,1,0,0,0,,,,,,,,,
J.J. McCarthy,QB,Michigan,21,10.0,2023.0,15.0,Big Ten,0,0,1,0,0,199.4,1.4666666666666666,0.26666666666666666,13.466666666666667,0.2,72.3,167.4,9.009036144578314,22.133333333333333,3193.0,25.0,212.86666666666667,1.6666666666666667,9.617469879518072,-3.2047619047619094,-0.26190476190476186,2.3978952727983707,0.31622776601683794,,,,,,,0.0,1,0,0,0,,,,,,,,,
Jacob Eason,QB,Washington,22,122.0,2019.0,13.0,Big Ten,0,0,1,0,0,240.92307692307693,1.7692307692307692,0.6153846153846154,-5.3076923076923075,0.07692307692307693,64.2,143.9,7.733333333333333,31.153846153846153,3063.0,24.0,235.6153846153846,1.8461538461538463,7.562962962962962,232.41538461538462,1.8461538461538463,4.812184355372417,0.09053574604251853,,,,,,,0.0,1,0,0,0,,,,,,,,,
Jacoby Brissett,QB,North Carolina St.,23,91.0,2015.0,13.0,ACC,1,0,0,0,0,204.76923076923077,1.5384615384615385,0.46153846153846156,28.46153846153846,0.46153846153846156,60.0,130.3,6.739240506329114,30.384615384615383,3032.0,26.0,233.23076923076923,2.0,7.675949367088608,-7.923076923076934,0.0,4.5217885770490405,0.10482848367219183,3.0,400.0,0.0,0.0,83.0,1.0,30.3,1,0,0,0,,,,,,,,,
Jake Fromm,QB,Georgia,22,167.0,2019.0,14.0,SEC,0,0,0,0,1,204.28571428571428,1.7142857142857142,0.35714285714285715,-0.8571428571428571,0.0,60.8,141.2,7.428571428571429,27.5,2848.0,24.0,203.42857142857142,1.7142857142857142,7.397402597402597,9.0,-0.4285714285714286,5.123963979403259,0.07738232325341368,3.0,210.0,1.0,3.0,65.0,0.0,12.9,1,0,0,0,,,,,,,,,
Jake Haener,QB,Fresno St.,24,127.0,2022.0,10.0,Other,0,0,0,1,0,289.6,2.0,0.3,-12.3,0.2,72.0,158.6,8.274285714285714,35.0,2773.0,22.0,277.3,2.2,7.922857142857143,-39.16153846153844,-0.569230769230769,4.852030263919617,0.08873565094161139,8.0,226.0,1.0,1.0,22.0,0.0,13.240000000000002,1,0,0,0,,,,,,,,,
Jake Rudock,QB,Michigan,23,191.0,2015.0,13.0,Big Ten,0,0,1,0,0,232.07692307692307,1.5384615384615385,0.6923076923076923,12.76923076923077,0.3076923076923077,64.0,141.5,7.755784061696658,29.923076923076923,3183.0,24.0,244.84615384615384,1.8461538461538463,8.182519280205655,27.179487179487182,0.262820512820513,5.2574953720277815,0.07235746052924216,,,,,,,0.0,1,0,0,0,,,,,,,,,
Jalen Hurts,QB,Oklahoma,22,53.0,2019.0,14.0,SEC,0,0,0,0,1,275.07142857142856,2.2857142857142856,0.5714285714285714,92.71428571428571,1.4285714285714286,69.7,191.2,11.326470588235294,24.285714285714285,5149.0,52.0,367.7857142857143,3.7142857142857144,15.144117647058824,296.0934065934066,2.9450549450549453,3.9889840465642745,0.13736056394868904,15.0,1061.0,6.0,4.0,354.0,3.0,111.84,1,0,0,0,,,,,,,,,
Jameis Winston,QB,Florida St.,21,1.0,2014.0,13.0,ACC,1,0,0,0,0,300.53846153846155,1.9230769230769231,1.3846153846153846,5.0,0.23076923076923078,65.3,145.5,8.366167023554604,35.92307692307692,3972.0,28.0,305.53846153846155,2.1538461538461537,8.505353319057816,0.1098901098901024,-0.989010989010989,0.6931471805599453,1.0,16.0,4042.0,22.0,15.0,213.0,6.0,276.98,1,0,0,0,,,,,,,,,
Jared Goff,QB,California,21,1.0,2015.0,13.0,Other,0,0,0,1,0,363.0,3.3076923076923075,1.0,-0.6153846153846154,0.0,64.5,161.3,8.920604914933838,40.69230769230769,4711.0,43.0,362.38461538461536,3.3076923076923075,8.9054820415879,34.96794871794867,0.39102564102564097,0.6931471805599453,1.0,7.0,1089.0,5.0,7.0,16.0,1.0,57.160000000000004,1,0,0,0,,,,,,,,,
Jarrett Stidham,QB,Auburn,23,133.0,2018.0,13.0,SEC,0,0,0,0,1,214.92307692307693,1.3846153846153846,0.38461538461538464,0.07692307692307693,0.23076923076923078,60.7,137.7,7.571815718157182,28.384615384615383,2795.0,21.0,215.0,1.6153846153846154,7.574525745257453,-21.5,0.04395604395604402,4.897839799950911,0.086710996952412,3.0,14.0,0.0,1.0,-2.0,0.0,-1.64,1,0,0,0,,,,,,,,,
Jayden Daniels,QB,LSU,23,2.0,2023.0,12.0,SEC,0,0,0,0,1,317.6666666666667,3.3333333333333335,0.3333333333333333,94.5,0.8333333333333334,72.2,208.0,11.65749235474006,27.25,4946.0,50.0,412.1666666666667,4.166666666666667,15.125382262996942,140.8809523809524,2.166666666666667,1.0986122886681098,0.7071067811865475,17.0,3568.0,25.0,9.0,891.0,6.0,349.82,1,0,0,0,,,,,,,,,
Jeff Driskel,QB,Louisiana Tech,23,207.0,2015.0,13.0,Other,0,0,0,1,0,310.2307692307692,2.076923076923077,0.6153846153846154,24.846153846153847,0.38461538461538464,62.4,154.0,8.962222222222222,34.61538461538461,4356.0,32.0,335.0769230769231,2.4615384615384617,9.68,188.41025641025644,1.0170940170940173,5.337538079701318,0.06950480468569159,9.0,1003.0,6.0,2.0,130.0,2.0,85.12,1,0,0,0,,,,,,,,,
Joe Burrow,QB,LSU,23,1.0,2019.0,15.0,SEC,0,0,0,0,1,378.06666666666666,4.0,0.4,24.533333333333335,0.3333333333333333,76.3,202.0,10.76091081593928,35.13333333333333,6039.0,65.0,402.6,4.333333333333333,11.45920303605313,149.2923076923077,2.564102564102564,0.6931471805599453,1.0,10.0,2688.0,13.0,5.0,142.0,3.0,181.71999999999997,1,0,0,0,,,,,,,,,
Joe Milton,QB,Tennessee,24,193.0,2023.0,12.0,SEC,0,0,0,0,1,234.41666666666666,1.6666666666666667,0.4166666666666667,24.916666666666668,0.5833333333333334,64.7,147.3,7.946327683615819,29.5,3112.0,27.0,259.3333333333333,2.25,8.790960451977401,142.88888888888886,1.1388888888888888,5.267858159063328,0.07198157507486945,1.0,241.0,1.0,0.0,16.0,1.0,21.240000000000002,1,0,0,0,,,,,,,,,
Jordan Love,QB,Utah St.,21,26.0,2019.0,13.0,Other,0,0,0,1,0,261.6923076923077,1.5384615384615385,1.3076923076923077,13.461538461538462,0.0,61.9,129.1,7.192389006342495,36.38461538461539,3577.0,20.0,275.15384615384613,1.5384615384615385,7.562367864693446,-4.076923076923094,-1.4615384615384615,3.295836866004329,0.19611613513818404,6.0,411.0,2.0,3.0,27.0,0.0,21.14,1,0,0,0,,,,,,,,,
Jordan Travis,QB,Florida St.,24,171.0,2023.0,11.0,ACC,1,0,0,0,0,250.54545454545453,1.8181818181818181,0.18181818181818182,16.0,0.6363636363636364,63.9,154.5,8.506172839506172,29.454545454545453,2932.0,27.0,266.54545454545456,2.4545454545454546,9.049382716049383,-12.76223776223776,0.06993006993007,5.147494476813453,0.07647191129018725,,,,,,,0.0,1,0,0,0,,,,,,,,,
Josh Allen,QB,Wyoming,22,7.0,2017.0,11.0,Other,0,0,0,1,0,164.72727272727272,1.4545454545454546,0.5454545454545454,18.545454545454547,0.45454545454545453,56.3,127.8,6.711111111111111,24.545454545454547,2016.0,21.0,183.27272727272728,1.9090909090909092,7.466666666666666,-82.87012987012989,-0.5909090909090908,2.0794415416798357,0.3779644730092272,12.0,2074.0,10.0,12.0,631.0,8.0,210.06,1,0,0,0,,,,,,,,,
Josh Rosen,QB,UCLA,21,10.0,2017.0,11.0,Big Ten,0,0,1,0,0,341.45454545454544,2.3636363636363638,0.9090909090909091,-8.818181818181818,0.18181818181818182,62.6,147.0,8.309734513274336,41.09090909090909,3659.0,28.0,332.6363636363636,2.5454545454545454,8.095132743362832,25.46969696969694,0.5454545454545454,2.3978952727983707,0.31622776601683794,14.0,2278.0,11.0,14.0,138.0,0.0,120.92,1,0,0,0,,,,,,,,,
Joshua Dobbs,QB,Tennessee,22,135.0,2016.0,13.0,SEC,0,0,0,0,1,226.6153846153846,2.076923076923077,0.9230769230769231,63.92307692307692,0.9230769230769231,63.0,150.6,8.252100840336135,27.46153846153846,3777.0,39.0,290.53846153846155,3.0,10.579831932773109,62.69230769230771,1.0,4.912654885736052,0.08606629658238704,5.0,43.0,0.0,1.0,11.0,0.0,0.8200000000000001,1,0,0,0,,,,,,,,,
Justin Fields,QB,Ohio St.,22,11.0,2020.0,8.0,Big Ten,0,0,1,0,0,262.5,2.75,0.75,47.875,0.625,70.2,175.6,9.333333333333334,28.125,2483.0,27.0,310.375,3.375,11.035555555555556,42.01785714285717,-0.2678571428571428,2.4849066497880004,0.30151134457776363,12.0,1870.0,7.0,10.0,420.0,2.0,136.8,1,0,0,0,,,,,,,,,
Justin Herbert,QB,Oregon,22,6.0,2019.0,14.0,Big Ten,0,0,1,0,0,247.92857142857142,2.2857142857142856,0.42857142857142855,3.5714285714285716,0.2857142857142857,66.8,156.8,8.10981308411215,30.571428571428573,3521.0,36.0,251.5,2.5714285714285716,8.22663551401869,-3.6538461538461604,0.18681318681318704,1.9459101490553132,0.4082482904638631,15.0,4336.0,31.0,10.0,234.0,5.0,330.84,1,0,0,0,,,,,,,,,
Kellen Mond,QB,Texas A&M,22,66.0,2020.0,10.0,SEC,0,0,0,0,1,228.2,1.9,0.3,29.4,0.4,63.3,146.9,7.683501683501683,29.7,2576.0,23.0,257.6,2.3,8.673400673400675,-3.707692307692298,0.14615384615384608,4.204692619390966,0.12309149097933272,,,,,,,0.0,1,0,0,0,,,,,,,,,
Kenny Pickett,QB,Pittsburgh,24,20.0,2021.0,13.0,ACC,1,0,0,0,0,332.2307692307692,3.230769230769231,0.5384615384615384,18.53846153846154,0.38461538461538464,67.2,165.3,8.690140845070422,38.23076923076923,4560.0,47.0,350.7692307692308,3.6153846153846154,9.175050301810865,67.10256410256409,1.282051282051282,3.044522437723423,0.22360679774997896,13.0,2404.0,7.0,9.0,237.0,3.0,147.86,1,0,0,0,,,,,,,,,
Kevin Hogan,QB,Stanford,23,162.0,2015.0,14.0,Other,0,0,0,1,0,204.78571428571428,1.9285714285714286,0.5714285714285714,24.0,0.42857142857142855,67.8,171.0,9.430921052631579,21.714285714285715,3203.0,33.0,228.78571428571428,2.357142857142857,10.536184210526315,-8.675824175824175,0.510989010989011,5.093750200806762,0.07856742013183861,4.0,104.0,0.0,2.0,105.0,1.0,16.66,1,0,0,0,,,,,,,,,
Kyler Murray,QB,Oklahoma,22,1.0,2018.0,14.0,SEC,0,0,0,0,1,311.5,3.0,0.5,71.5,0.8571428571428571,69.0,199.2,11.567639257294429,26.928571428571427,5362.0,54.0,383.0,3.857142857142857,14.222811671087532,311.42857142857144,3.428571428571429,0.6931471805599453,1.0,16.0,3722.0,20.0,12.0,544.0,4.0,283.28,1,0,0,0,,,,,,,,,
Lamar Jackson,QB,Louisville,21,32.0,2017.0,13.0,ACC,1,0,0,0,0,281.53846153846155,2.076923076923077,0.7692307692307693,123.15384615384616,1.3846153846153846,59.1,146.6,8.511627906976743,33.07692307692308,5261.0,45.0,404.6923076923077,3.4615384615384617,12.234883720930231,11.30769230769232,-0.46153846153846123,3.4965075614664802,0.17677669529663687,16.0,1201.0,6.0,3.0,695.0,5.0,165.54,1,0,0,0,,,,,,,,,
Luke Falk,QB,Washington St.,23,199.0,2017.0,12.0,Other,0,0,0,1,0,299.4166666666667,2.5,1.0833333333333333,-12.25,0.0,66.9,137.0,6.728464419475656,44.5,3446.0,30.0,287.1666666666667,2.5,6.453183520599251,-51.29487179487177,-0.4230769230769229,5.298317366548036,0.07088812050083358,,,,,,,0.0,1,0,0,0,,,,,,,,,
Mac Jones,QB,Alabama,23,15.0,2020.0,13.0,SEC,0,0,0,0,1,346.15384615384613,3.1538461538461537,0.3076923076923077,1.0769230769230769,0.07692307692307693,77.4,203.1,11.194029850746269,30.923076923076923,4514.0,42.0,347.2307692307692,3.230769230769231,11.228855721393035,218.98076923076923,1.9807692307692308,2.772588722239781,0.2581988897471611,17.0,3801.0,22.0,13.0,129.0,0.0,226.94,1,0,0,0,,,,,,,,,
Malik Willis,QB,Liberty,23,86.0,2021.0,13.0,Other,0,0,0,1,0,220.15384615384616,2.076923076923077,0.9230769230769231,67.53846153846153,1.0,61.1,151.2,8.442477876106194,26.076923076923077,3740.0,40.0,287.6923076923077,3.076923076923077,11.03244837758112,-32.7076923076923,-0.3230769230769228,4.465908118654584,0.10783277320343841,8.0,276.0,0.0,3.0,123.0,1.0,23.340000000000003,1,0,0,0,,,,,,,,,
Marcus Mariota,QB,Oregon,21,2.0,2014.0,15.0,Big Ten,0,0,1,0,0,296.93333333333334,2.8,0.26666666666666666,51.333333333333336,1.0,68.3,181.7,10.008988764044943,29.666666666666668,5224.0,57.0,348.26666666666665,3.8,11.739325842696628,11.343589743589746,0.7230769230769227,1.0986122886681098,0.7071067811865475,12.0,2818.0,19.0,10.0,252.0,2.0,205.92000000000002,1,0,0,0,,,,,,,,,
Mason Rudolph,QB,Oklahoma St.,23,76.0,2017.0,13.0,Big 12,0,1,0,0,0,377.2307692307692,2.8461538461538463,0.6923076923076923,2.6923076923076925,0.7692307692307693,65.0,170.6,10.028629856850715,37.61538461538461,4939.0,47.0,379.9230769230769,3.6153846153846154,10.100204498977506,60.53846153846155,1.0,4.343805421853684,0.11470786693528087,10.0,1765.0,13.0,9.0,42.0,0.0,108.80000000000001,1,0,0,0,,,,,,,,,
Matt Corral,QB,Mississippi,23,94.0,2021.0,13.0,SEC,0,0,0,0,1,257.61538461538464,1.5384615384615385,0.38461538461538464,47.23076923076923,0.8461538461538461,67.9,155.3,8.676165803108809,29.692307692307693,3963.0,31.0,304.84615384615387,2.3846153846153846,10.266839378238341,-79.45384615384614,-0.9153846153846152,4.553876891600541,0.10314212462587934,,,,,,,0.0,1,0,0,0,,,,,,,,,
Max Duggan,QB,TCU,22,239.0,2022.0,15.0,Big 12,0,1,0,0,0,246.53333333333333,2.1333333333333333,0.5333333333333333,28.2,0.6,63.7,159.2,8.825775656324582,27.933333333333334,4121.0,41.0,274.73333333333335,2.7333333333333334,9.835322195704057,34.73333333333335,0.8333333333333335,5.480638923341991,0.06468462273531508,,,,,,,0.0,1,0,0,0,,,,,,,,,
Michael Penix,QB,Washington,24,8.0,2023.0,15.0,Big Ten,0,0,1,0,0,326.8666666666667,2.4,0.7333333333333333,0.5333333333333333,0.2,65.4,157.1,8.834234234234234,37.0,4911.0,39.0,327.4,2.6,8.84864864864865,-36.67692307692312,-0.09230769230769242,2.1972245773362196,0.35355339059327373,5.0,775.0,3.0,3.0,11.0,1.0,44.1,1,0,0,0,,,,,,,,,
Michael Pratt,QB,Tulane,22,245.0,2023.0,11.0,Other,0,0,0,1,0,218.72727272727272,2.0,0.45454545454545453,26.0,0.45454545454545453,65.4,158.9,8.501766784452297,25.727272727272727,2692.0,27.0,244.72727272727272,2.4545454545454546,9.512367491166078,-23.503496503496507,-0.39160839160839167,5.5053315359323625,0.06388765649999399,,,,,,,0.0,1,0,0,0,,,,,,,,,
Mike White,QB,Western Kentucky,23,171.0,2017.0,13.0,Other,0,0,0,1,0,321.3076923076923,2.0,0.6153846153846154,-20.615384615384617,0.46153846153846156,65.7,140.8,7.458928571428571,43.07692307692308,3909.0,32.0,300.6923076923077,2.4615384615384617,6.980357142857143,-5.664835164835154,-0.18131868131868112,5.147494476813453,0.07647191129018725,4.0,953.0,5.0,8.0,-1.0,0.0,42.019999999999996,1,0,0,0,,,,,,,,,
Mitchell Trubisky,QB,North Carolina,23,2.0,2016.0,13.0,ACC,1,0,0,0,0,288.3076923076923,2.3076923076923075,0.46153846153846156,23.692307692307693,0.38461538461538464,68.0,157.9,8.384787472035795,34.38461538461539,4056.0,35.0,312.0,2.6923076923076925,9.073825503355705,239.11111111111111,1.6923076923076925,1.0986122886681098,0.7071067811865475,12.0,2193.0,7.0,7.0,248.0,2.0,138.51999999999998,1,0,0,0,,,,,,,,,
Nate Stanley,QB,Iowa,23,244.0,2019.0,13.0,Big Ten,0,0,1,0,0,227.0,1.2307692307692308,0.5384615384615384,0.5384615384615384,0.07692307692307693,59.4,131.2,7.3959899749373434,30.692307692307693,2958.0,17.0,227.53846153846155,1.3076923076923077,7.413533834586466,7.846153846153868,-0.7692307692307694,5.501258210544727,0.06401843996644799,,,,,,,0.0,1,0,0,0,,,,,,,,,
Nate Sudfeld,QB,Indiana,22,187.0,2015.0,12.0,Big Ten,0,0,1,0,0,297.75,2.25,0.5833333333333334,5.083333333333333,0.4166666666666667,60.0,151.0,8.672330097087379,34.333333333333336,3634.0,32.0,302.8333333333333,2.6666666666666665,8.820388349514563,124.4047619047619,1.5238095238095237,5.236441962829949,0.07312724241271307,1.0,134.0,0.0,0.0,22.0,0.0,7.5600000000000005,1,0,0,0,,,,,,,,,
Nathan Peterman,QB,Pittsburgh,23,171.0,2016.0,13.0,ACC,1,0,0,0,0,219.6153846153846,2.076923076923077,0.5384615384615384,22.0,0.23076923076923078,60.5,163.4,9.330065359477125,23.53846153846154,3141.0,30.0,241.6153846153846,2.3076923076923075,10.26470588235294,47.84615384615384,0.6923076923076921,5.147494476813453,0.07647191129018725,4.0,252.0,2.0,5.0,23.0,0.0,10.379999999999999,1,0,0,0,,,,,,,,,
Patrick Mahomes,QB,Texas Tech,21,10.0,2016.0,12.0,Big 12,0,1,0,0,0,421.0,3.4166666666666665,0.8333333333333334,21.666666666666668,1.0,65.7,157.0,8.548223350253807,49.25,5312.0,53.0,442.6666666666667,4.416666666666667,8.988155668358713,49.666666666666686,0.8782051282051286,2.3978952727983707,0.31622776601683794,1.0,284.0,0.0,1.0,10.0,0.0,10.36,1,0,0,0,,,,,,,,,
Paxton Lynch,QB,Memphis,22,26.0,2015.0,13.0,Other,0,0,0,1,0,290.46153846153845,2.1538461538461537,0.3076923076923077,18.384615384615383,0.15384615384615385,66.8,157.5,8.523702031602708,34.07692307692308,4015.0,30.0,308.84615384615387,2.3076923076923075,9.063205417607223,51.0,-0.384615384615385,3.295836866004329,0.19611613513818404,3.0,497.0,2.0,1.0,25.0,0.0,28.38,1,0,0,0,,,,,,,,,
Ryan Finley,QB,North Carolina St.,24,104.0,2018.0,13.0,ACC,1,0,0,0,0,302.15384615384613,1.9230769230769231,0.8461538461538461,1.6153846153846154,0.07692307692307693,67.4,148.0,8.115702479338843,37.23076923076923,3949.0,26.0,303.7692307692308,2.0,8.159090909090908,18.230769230769226,0.46153846153846145,4.653960350157523,0.09805806756909202,3.0,474.0,2.0,2.0,77.0,0.0,30.66,1,0,0,0,,,,,,,,,
Sam Darnold,QB,USC,21,3.0,2017.0,14.0,Big Ten,0,0,1,0,0,295.92857142857144,1.8571428571428572,0.9285714285714286,5.857142857142857,0.35714285714285715,63.1,148.1,8.63125,34.285714285714285,4225.0,31.0,301.7857142857143,2.2142857142857144,8.802083333333334,45.170329670329636,-0.3241758241758239,1.3862943611198906,0.5773502691896258,13.0,2865.0,17.0,15.0,138.0,1.0,172.40000000000003,1,0,0,0,,,,,,,,,
Sam Ehlinger,QB,Texas,22,218.0,2020.0,10.0,SEC,0,0,0,0,1,256.6,2.6,0.5,37.7,0.8,60.2,150.7,7.968944099378882,32.2,2943.0,34.0,294.3,3.4,9.13975155279503,-38.46923076923076,0.3999999999999999,5.389071729816501,0.06772854614785964,,,,,,,0.0,1,0,0,0,,,,,,,,,
Sam Howell,QB,North Carolina,21,144.0,2021.0,12.0,ACC,1,0,0,0,0,254.66666666666666,2.0,0.75,69.0,0.9166666666666666,62.5,154.2,8.806916426512968,28.916666666666668,3884.0,35.0,323.6666666666667,2.9166666666666665,11.193083573487032,12.666666666666686,0.0,4.976733742420574,0.08333333333333333,1.0,169.0,1.0,1.0,35.0,1.0,18.259999999999998,1,0,0,0,,,,,,,,,
Sean Clifford,QB,Penn St.,25,149.0,2022.0,13.0,Big Ten,0,0,1,0,0,217.07692307692307,1.8461538461538463,0.5384615384615384,13.538461538461538,0.38461538461538464,64.4,150.5,8.03988603988604,27.0,2998.0,29.0,230.6153846153846,2.230769230769231,8.54131054131054,-20.923076923076934,0.4615384615384617,5.0106352940962555,0.08192319205190406,2.0,37.0,0.0,0.0,-2.0,0.0,1.28,1,0,0,0,,,,,,,,,
Sean Mannion,QB,Oregon St.,23,89.0,2014.0,12.0,Other,0,0,0,1,0,263.6666666666667,1.25,0.6666666666666666,-25.5,0.08333333333333333,62.3,128.3,6.984547461368654,37.75,2858.0,16.0,238.16666666666666,1.3333333333333333,6.309050772626931,-103.2948717948718,-1.512820512820513,4.499809670330265,0.105999788000636,1.0,31.0,0.0,0.0,-1.0,0.0,1.14,1,0,0,0,,,,,,,,,
Skylar Thompson,QB,Kansas St.,25,247.0,2021.0,10.0,Big 12,0,1,0,0,0,211.3,1.2,0.4,0.4,0.4,69.5,159.3,9.068669527896995,23.3,2117.0,16.0,211.7,1.6,9.085836909871244,-9.633333333333354,-0.7333333333333334,5.5134287461649825,0.06362847629757777,7.0,534.0,1.0,3.0,21.0,0.0,21.46,1,0,0,0,,,,,,,,,
Spencer Rattler,QB,South Carolina,23,150.0,2023.0,12.0,SEC,0,0,0,0,1,265.5,1.5833333333333333,0.6666666666666666,8.666666666666666,0.3333333333333333,68.9,147.7,7.984962406015038,33.25,3290.0,23.0,274.1666666666667,1.9166666666666667,8.24561403508772,37.858974358974365,0.3012820512820513,5.017279836814924,0.08164965809277261,7.0,1317.0,4.0,5.0,146.0,0.0,73.28,1,0,0,0,,,,,,,,,
Stetson Bennett,QB,Georgia,25,128.0,2022.0,15.0,SEC,0,0,0,0,1,275.2,1.8,0.4666666666666667,13.666666666666666,0.6666666666666666,68.3,161.2,9.092511013215859,30.266666666666666,4333.0,37.0,288.8666666666667,2.466666666666667,9.544052863436123,65.93809523809526,0.323809523809524,4.859812404361672,0.08838834764831843,,,,,,,0.0,1,0,0,0,,,,,,,,,
Tanner Lee,QB,Nebraska,23,203.0,2017.0,12.0,Big Ten,0,0,1,0,0,261.9166666666667,1.9166666666666667,1.3333333333333333,-8.083333333333334,0.16666666666666666,57.5,129.4,7.343457943925234,35.666666666666664,3046.0,25.0,253.83333333333334,2.0833333333333335,7.116822429906542,89.72222222222223,0.8611111111111112,5.318119993844216,0.07018624063435965,,,,,,,0.0,1,0,0,0,,,,,,,,,
Tanner McKee,QB,Stanford,23,188.0,2022.0,12.0,Other,0,0,0,1,0,245.58333333333334,1.0833333333333333,0.6666666666666666,-7.5,0.16666666666666666,62.0,126.4,6.917840375586854,35.5,2857.0,15.0,238.08333333333334,1.25,6.706572769953052,5.383333333333354,-0.6499999999999999,5.241747015059643,0.07293249574894728,2.0,323.0,4.0,0.0,-1.0,0.0,28.82,1,0,0,0,,,,,,,,,
Tommy Stevens,QB,Mississippi St.,23,240.0,2019.0,9.0,SEC,0,0,0,0,1,128.33333333333334,1.2222222222222223,0.5555555555555556,42.333333333333336,0.4444444444444444,60.2,136.8,7.173913043478261,17.88888888888889,1536.0,15.0,170.66666666666666,1.6666666666666667,9.540372670807452,138.09523809523807,1.2380952380952381,5.484796933490655,0.06454972243679027,,,,,,,0.0,1,0,0,0,,,,,,,,,
Trace McSorley,QB,Penn St.,24,197.0,2018.0,13.0,Big Ten,0,0,1,0,0,194.6153846153846,1.3846153846153846,0.5384615384615384,61.38461538461539,0.9230769230769231,53.2,124.6,7.008310249307479,27.76923076923077,3328.0,30.0,256.0,2.3076923076923075,9.218836565096952,-56.38461538461536,-0.6923076923076925,5.288267030694535,0.07124704998790965,,,,,,,0.0,1,0,0,0,,,,,,,,,
Trevor Lawrence,QB,Clemson,21,1.0,2020.0,10.0,ACC,1,0,0,0,0,315.3,2.4,0.5,20.3,0.8,69.2,169.2,9.440119760479043,33.4,3356.0,32.0,335.6,3.2,10.047904191616768,53.73333333333335,0.20000000000000018,0.6931471805599453,1.0,17.0,3641.0,12.0,17.0,334.0,2.0,205.04000000000002,1,0,0,0,,,,,,,,,
Trevor Siemian,QB,Northwestern,23,250.0,2014.0,11.0,Big Ten,0,0,1,0,0,201.27272727272728,0.6363636363636364,1.0,-11.181818181818182,0.45454545454545453,58.2,105.9,5.6479591836734695,35.63636363636363,2091.0,12.0,190.0909090909091,1.0909090909090908,5.334183673469388,8.25757575757575,0.1742424242424242,5.5254529391317835,0.06324555320336758,,,,,,,0.0,1,0,0,0,,,,,,,,,
Tua Tagovailoa,QB,Alabama,22,5.0,2019.0,9.0,SEC,0,0,0,0,1,315.55555555555554,3.6666666666666665,0.3333333333333333,1.8888888888888888,0.2222222222222222,71.4,206.9,11.26984126984127,28.0,2857.0,35.0,317.44444444444446,3.888888888888889,11.337301587301589,40.377777777777794,0.6888888888888887,1.791759469228055,0.4472135954999579,10.0,1814.0,11.0,5.0,109.0,3.0,135.46,1,0,0,0,,,,,,,,,
Will Grier,QB,West Virginia,24,100.0,2018.0,11.0,Big 12,0,1,0,0,0,351.27272727272725,3.3636363636363638,0.7272727272727273,-8.181818181818182,0.2727272727272727,67.0,175.5,9.732997481108312,36.09090909090909,3774.0,40.0,343.09090909090907,3.6363636363636362,9.506297229219143,14.727272727272691,0.3636363636363633,4.61512051684126,0.1,2.0,228.0,0.0,4.0,22.0,0.0,3.320000000000001,1,0,0,0,,,,,,,,,
Will Levis,QB,Kentucky,24,33.0,2022.0,11.0,SEC,0,0,0,0,1,218.72727272727272,1.7272727272727273,0.9090909090909091,-9.727272727272727,0.18181818181818182,65.4,151.9,8.501766784452297,25.727272727272727,2299.0,21.0,209.0,1.9090909090909092,8.123674911660778,-37.38461538461539,-0.6293706293706292,3.5263605246161616,0.17407765595569785,9.0,1808.0,8.0,4.0,57.0,1.0,108.02000000000001,1,0,0,0,,,,,,,,,
Zach Wilson,QB,BYU,22,2.0,2020.0,12.0,Big 12,0,1,0,0,0,307.6666666666667,2.75,0.25,21.166666666666668,0.8333333333333334,73.5,196.4,10.988095238095237,28.0,3946.0,43.0,328.8333333333333,3.5833333333333335,11.744047619047619,45.611111111111086,2.0277777777777777,1.0986122886681098,0.7071067811865475,13.0,2334.0,9.0,11.0,185.0,4.0,149.86,1,0,0,0,,,,,,,,,
AJ Dillon,RB,Boston Col.,22,62.0,2019.0,13.0,Other,0,0,0,1,0,,,,129.6153846153846,1.0769230769230769,,,,25.46153846153846,1880.0,15.0,144.6153846153846,1.1538461538461537,5.6797583081571,29.715384615384608,0.053846153846153655,4.143134726391533,0.1270001270001905,11.0,,,,242.0,2.0,40.300000000000004,0,1,0,0,24.46153846153846,1.0,15.0,0.07692307692307693,5.29874213836478,2.0,21.0,0.0,
Aaron Jones,RB,Texas-El Paso,22,182.0,2016.0,12.0,Other,0,0,0,1,0,,,,147.75,1.4166666666666667,,,,21.416666666666668,2006.0,20.0,167.16666666666666,1.6666666666666667,7.80544747081712,9.666666666666657,0.6666666666666667,5.209486152841421,0.07412493166611012,12.0,,,,448.0,4.0,80.00000000000001,0,1,0,0,19.083333333333332,2.3333333333333335,19.416666666666668,0.25,7.74235807860262,9.0,22.0,0.0,
Alex Collins,RB,Arkansas,22,171.0,2015.0,13.0,SEC,0,0,0,0,1,,,,121.3076923076923,1.5384615384615385,,,,21.846153846153847,1672.0,20.0,128.6153846153846,1.5384615384615385,5.887323943661972,43.30769230769231,0.6153846153846154,5.147494476813453,0.07647191129018725,11.0,,,,125.0,1.0,37.9,0,1,0,0,20.846153846153847,1.0,7.3076923076923075,0.0,5.819188191881919,11.0,84.0,0.0,
Alexander Mattison,RB,Boise St.,21,102.0,2018.0,13.0,Other,0,0,0,1,0,,,,108.84615384615384,1.3076923076923077,,,,25.307692307692307,1588.0,17.0,122.15384615384616,1.3076923076923077,4.826747720364742,24.2967032967033,0.3791208791208791,4.634728988229636,0.09901475429766744,13.0,,,,462.0,1.0,70.4,0,1,0,0,23.23076923076923,2.076923076923077,13.307692307692308,0.0,4.685430463576159,10.0,82.0,0.0,
Alvin Kamara,RB,Tennessee,22,67.0,2016.0,11.0,SEC,0,0,0,0,1,,,,54.18181818181818,0.8181818181818182,,,,13.0,988.0,13.0,89.81818181818181,1.1818181818181819,6.909090909090909,13.741258741258733,0.4125874125874126,4.219507705176107,0.12216944435630522,16.0,,,,728.0,8.0,314.40000000000003,0,1,0,0,9.363636363636363,3.6363636363636362,35.63636363636363,0.36363636363636365,5.786407766990291,81.0,826.0,5.0,
Ameer Abdullah,RB,Nebraska,22,54.0,2014.0,13.0,Big Ten,0,0,1,0,0,,,,123.92307692307692,1.4615384615384615,,,,22.0,1880.0,22.0,144.6153846153846,1.6923076923076923,6.573426573426573,-3.2307692307692264,0.8461538461538461,4.007333185232471,0.13608276348795434,16.0,,,,597.0,2.0,121.0,0,1,0,0,20.307692307692307,1.6923076923076923,20.692307692307693,0.23076923076923078,6.1022727272727275,25.0,183.0,1.0,
Anthony McFarland Jr.,RB,Maryland,22,124.0,2019.0,11.0,Big Ten,0,0,1,0,0,,,,55.81818181818182,0.7272727272727273,,,,11.909090909090908,740.0,9.0,67.27272727272727,0.8181818181818182,5.648854961832061,-24.977272727272734,0.4848484848484849,4.8283137373023015,0.08980265101338746,11.0,,,,113.0,0.0,22.700000000000003,0,1,0,0,10.363636363636363,1.5454545454545454,11.454545454545455,0.09090909090909091,5.385964912280702,6.0,54.0,0.0,
Antonio Gibson,RB,Memphis,22,66.0,2019.0,14.0,Other,0,0,0,1,0,,,,26.357142857142858,0.2857142857142857,,,,5.071428571428571,1104.0,12.0,78.85714285714286,0.8571428571428571,15.549295774647888,71.78571428571429,0.7142857142857142,4.204692619390966,0.12309149097933272,14.0,,,,795.0,11.0,206.2,0,1,0,0,2.357142857142857,2.7142857142857144,52.5,0.5714285714285714,11.181818181818182,36.0,247.0,0.0,
Audric Estime,RB,Notre Dame,21,147.0,2023.0,12.0,Other,0,0,0,1,0,,,,111.75,1.5,,,,18.916666666666668,1483.0,18.0,123.58333333333333,1.5,6.533039647577092,42.42948717948717,0.5769230769230769,4.997212273764115,0.08247860988423225,13.0,,,,310.0,2.0,50.7,0,1,0,0,17.5,1.4166666666666667,11.833333333333334,0.0,6.385714285714286,5.0,27.0,0.0,
Benny Snell Jr.,RB,Kentucky,21,122.0,2018.0,13.0,SEC,0,0,0,0,1,,,,111.46153846153847,1.2307692307692308,,,,23.53846153846154,1554.0,16.0,119.53846153846153,1.2307692307692308,5.078431372549019,11.461538461538453,-0.23076923076923062,4.812184355372417,0.09053574604251853,13.0,,,,426.0,2.0,59.9,0,1,0,0,22.23076923076923,1.3076923076923077,8.076923076923077,0.0,5.013840830449827,3.0,23.0,0.0,
Bijan Robinson,RB,Texas,21,8.0,2022.0,12.0,SEC,0,0,0,0,1,,,,131.66666666666666,1.5,,,,23.083333333333332,1894.0,20.0,157.83333333333334,1.6666666666666667,6.837545126353791,15.633333333333354,0.16666666666666674,2.1972245773362196,0.35355339059327373,17.0,,,,976.0,4.0,252.3,0,1,0,0,21.5,1.5833333333333333,26.166666666666668,0.16666666666666666,6.124031007751938,58.0,487.0,4.0,
Blake Corum,RB,Michigan,23,83.0,2023.0,15.0,Big Ten,0,0,1,0,0,,,,83.0,1.8,,,,18.266666666666666,1362.0,28.0,90.8,1.8666666666666667,4.97080291970803,-37.783333333333346,0.28333333333333344,4.430816798843313,0.10976425998969035,17.0,,,,207.0,0.0,33.5,0,1,0,0,17.2,1.0666666666666667,7.8,0.06666666666666667,4.825581395348837,7.0,58.0,0.0,
Bo Scarbrough,RB,Alabama,23,236.0,2017.0,14.0,SEC,0,0,0,0,1,,,,42.57142857142857,0.5714285714285714,,,,10.071428571428571,705.0,8.0,50.357142857142854,0.5714285714285714,5.0,-13.796703296703306,-0.27472527472527475,5.4680601411351315,0.06509445549041194,6.0,,,,377.0,1.0,45.2,0,1,0,0,8.857142857142858,1.2142857142857142,7.785714285714286,0.0,4.806451612903226,1.0,5.0,0.0,
Boston Scott,RB,Louisiana Tech,23,201.0,2017.0,13.0,Other,0,0,0,1,0,,,,80.0,0.6153846153846154,,,,15.538461538461538,1221.0,9.0,93.92307692307692,0.6923076923076923,6.044554455445545,48.208791208791204,0.26373626373626374,5.308267697401205,0.07053456158585983,2.0,,,,0.0,0.0,0.0,0,1,0,0,14.0,1.5384615384615385,13.923076923076923,0.07692307692307693,5.714285714285714,0.0,0.0,0.0,
Braelon Allen,RB,Wisconsin,20,134.0,2023.0,11.0,Big Ten,0,0,1,0,0,,,,89.45454545454545,1.0909090909090908,,,,19.0,1116.0,12.0,101.45454545454545,1.0909090909090908,5.339712918660287,-10.712121212121218,0.1742424242424242,4.90527477843843,0.08638684255813601,17.0,,,,334.0,2.0,85.2,0,1,0,0,16.454545454545453,2.5454545454545454,12.0,0.0,5.43646408839779,19.0,148.0,1.0,
Brandon Wilson,RB,Houston,23,207.0,2016.0,10.0,Big 12,0,1,0,0,0,,,,0.6,0.0,,,,0.9,58.0,0.0,5.8,0.0,6.444444444444445,-11.128571428571426,-0.14285714285714285,5.337538079701318,0.06950480468569159,,,,,,,0.0,0,1,0,0,0.4,0.5,5.2,0.0,1.5,,,,
Breece Hall,RB,Iowa St.,21,36.0,2021.0,12.0,Big 12,0,1,0,0,0,,,,122.0,1.6666666666666667,,,,24.083333333333332,1766.0,23.0,147.16666666666666,1.9166666666666667,6.110726643598617,1.1666666666666572,0.0,3.6109179126442243,0.16666666666666666,7.0,,,,463.0,4.0,117.10000000000001,0,1,0,0,21.083333333333332,3.0,25.166666666666668,0.25,5.786561264822135,19.0,218.0,1.0,
Brian Hill,RB,Wyoming,21,156.0,2016.0,14.0,Other,0,0,0,1,0,,,,132.85714285714286,1.5714285714285714,,,,25.5,1927.0,22.0,137.64285714285714,1.5714285714285714,5.397759103641456,-9.273809523809518,1.0714285714285714,5.056245805348308,0.08006407690254357,7.0,,,,37.0,0.0,9.3,0,1,0,0,24.928571428571427,0.5714285714285714,4.785714285714286,0.0,5.329512893982808,2.0,36.0,0.0,
Brian Robinson Jr.,RB,Alabama,23,98.0,2021.0,14.0,SEC,0,0,0,0,1,,,,95.92857142857143,1.0,,,,21.857142857142858,1639.0,16.0,117.07142857142857,1.1428571428571428,5.356209150326797,77.91758241758242,0.6813186813186812,4.59511985013459,0.10101525445522107,12.0,,,,797.0,2.0,112.7,0,1,0,0,19.357142857142858,2.5,21.142857142857142,0.14285714285714285,4.955719557195572,9.0,60.0,1.0,
Brittain Brown,RB,UCLA,24,250.0,2021.0,10.0,Big Ten,0,0,1,0,0,,,,61.5,0.7,,,,12.0,744.0,7.0,74.4,0.7,6.2,-15.171428571428564,-0.014285714285714346,5.5254529391317835,0.06324555320336758,,,,,,,0.0,0,1,0,0,10.2,1.8,12.9,0.0,6.029411764705882,,,,
Bryce Love,RB,Stanford,22,112.0,2018.0,10.0,Other,0,0,0,1,0,,,,73.9,0.6,,,,18.6,838.0,6.0,83.8,0.6,4.505376344086021,-81.66153846153846,-0.8615384615384615,4.727387818712341,0.0944911182523068,,,,,,,0.0,0,1,0,0,16.6,2.0,9.9,0.0,4.451807228915663,,,,
Bucky Irving,RB,Oregon,22,125.0,2023.0,14.0,Big Ten,0,0,1,0,0,,,,84.28571428571429,0.7857142857142857,,,,17.285714285714285,1593.0,13.0,113.78571428571429,0.9285714285714286,6.582644628099174,9.401098901098905,0.3131868131868132,4.836281906951478,0.08944271909999159,17.0,,,,1122.0,8.0,246.39999999999998,0,1,0,0,13.285714285714286,4.0,29.5,0.14285714285714285,6.344086021505376,47.0,392.0,0.0,
C.J. Prosise,RB,Notre Dame,22,90.0,2015.0,11.0,Other,0,0,0,1,0,,,,93.81818181818181,1.0,,,,16.545454545454547,1340.0,12.0,121.81818181818181,1.0909090909090908,7.362637362637361,72.43356643356643,0.86013986013986,4.51085950651685,0.10540925533894598,6.0,,,,172.0,1.0,61.0,0,1,0,0,14.181818181818182,2.3636363636363638,28.0,0.09090909090909091,6.615384615384615,17.0,208.0,0.0,
Cam Akers,RB,Florida St.,21,52.0,2019.0,11.0,ACC,1,0,0,0,0,,,,104.0,1.2727272727272727,,,,23.727272727272727,1369.0,18.0,124.45454545454545,1.6363636363636365,5.245210727969349,53.53787878787878,0.9696969696969698,3.970291913552122,0.1386750490563073,13.0,,,,625.0,2.0,103.8,0,1,0,0,21.0,2.727272727272727,20.454545454545453,0.36363636363636365,4.9523809523809526,11.0,123.0,1.0,
Cameron Artis-Payne,RB,Auburn,25,174.0,2014.0,13.0,SEC,0,0,0,0,1,,,,123.6923076923077,1.0,,,,24.307692307692307,1755.0,13.0,135.0,1.0,5.553797468354431,87.76923076923077,0.5384615384615384,5.1647859739235145,0.07580980435789034,7.0,,,,183.0,1.0,35.1,0,1,0,0,23.307692307692307,1.0,11.307692307692308,0.0,5.306930693069307,5.0,58.0,0.0,
Chandler Cox,RB,Auburn,23,233.0,2018.0,13.0,SEC,0,0,0,0,1,,,,0.23076923076923078,0.15384615384615385,,,,1.0769230769230769,96.0,3.0,7.384615384615385,0.23076923076923078,6.857142857142858,1.8131868131868139,0.23076923076923078,5.455321115357702,0.06551217820804184,,,,,,,0.0,0,1,0,0,0.23076923076923078,0.8461538461538461,7.153846153846154,0.07692307692307693,1.0,,,,
Chase Brown,RB,Illinois,23,163.0,2022.0,12.0,Big Ten,0,0,1,0,0,,,,136.91666666666666,0.8333333333333334,,,,29.583333333333332,1883.0,13.0,156.91666666666666,1.0833333333333333,5.3042253521126765,42.216666666666654,0.5833333333333333,5.099866427824199,0.07832604499879574,12.0,,,,179.0,0.0,53.5,0,1,0,0,27.333333333333332,2.25,20.0,0.25,5.009146341463414,14.0,156.0,1.0,
Chase Edmonds,RB,Fordham,22,134.0,2017.0,13.0,Other,0,0,0,1,0,,,,0.0,0.0,,,,5.0,1082.0,10.0,83.23076923076923,0.7692307692307693,16.646153846153847,-1.1025641025641022,0.019230769230769273,4.90527477843843,0.08638684255813601,16.0,,,,208.0,2.0,63.099999999999994,0,1,0,0,0.0,5.0,83.23076923076923,0.7692307692307693,,20.0,103.0,0.0,
Chris Carson,RB,Oklahoma St.,22,249.0,2016.0,9.0,Big 12,0,1,0,0,0,,,,62.111111111111114,1.0,,,,10.555555555555555,687.0,10.0,76.33333333333333,1.1111111111111112,7.231578947368421,19.08333333333333,0.7777777777777779,5.521460917862246,0.06337242505244779,4.0,,,,208.0,0.0,39.7,0,1,0,0,9.11111111111111,1.4444444444444444,14.222222222222221,0.1111111111111111,6.817073170731708,7.0,59.0,1.0,
Chris Evans,RB,Michigan,23,202.0,2020.0,6.0,Big Ten,0,0,1,0,0,,,,12.166666666666666,0.16666666666666666,,,,4.166666666666667,160.0,1.0,26.666666666666668,0.16666666666666666,6.3999999999999995,-25.24242424242424,-0.28787878787878785,5.313205979041787,0.07035975447302918,14.0,,,,77.0,0.0,49.8,0,1,0,0,2.6666666666666665,1.5,14.5,0.0,4.5625,15.0,151.0,2.0,
Chris Rodriguez,RB,Kentucky,22,193.0,2022.0,8.0,SEC,0,0,0,0,1,,,,113.0,0.75,,,,22.5,945.0,6.0,118.125,0.75,5.25,7.355769230769226,-0.17307692307692313,5.267858159063328,0.07198157507486945,13.0,,,,247.0,2.0,39.900000000000006,0,1,0,0,21.875,0.625,5.125,0.0,5.1657142857142855,2.0,12.0,0.0,
Christian McCaffrey,RB,Stanford,21,8.0,2016.0,11.0,Other,0,0,0,1,0,,,,145.72727272727272,1.1818181818181819,,,,26.363636363636363,1913.0,16.0,173.9090909090909,1.4545454545454546,6.596551724137931,-16.37662337662337,0.525974025974026,2.1972245773362196,0.35355339059327373,16.0,,,,435.0,2.0,230.60000000000002,0,1,0,0,23.0,3.3636363636363638,28.181818181818183,0.2727272727272727,6.335968379446641,80.0,651.0,5.0,
Chuba Hubbard,RB,Oklahoma St.,22,126.0,2020.0,7.0,Big 12,0,1,0,0,0,,,,89.28571428571429,0.7142857142857143,,,,20.142857142857142,677.0,6.0,96.71428571428571,0.8571428571428571,4.801418439716312,-79.59340659340661,-0.7582417582417583,4.844187086458591,0.0890870806374748,17.0,,,,612.0,5.0,139.6,0,1,0,0,19.0,1.1428571428571428,7.428571428571429,0.14285714285714285,4.6992481203007515,25.0,174.0,1.0,
Clyde Edwards-Helaire,RB,LSU,21,32.0,2019.0,15.0,SEC,0,0,0,0,1,,,,94.26666666666667,1.0666666666666667,,,,18.0,1867.0,17.0,124.46666666666667,1.1333333333333333,6.914814814814815,66.46666666666667,0.5948717948717949,3.4965075614664802,0.17677669529663687,13.0,,,,803.0,4.0,176.0,0,1,0,0,14.333333333333334,3.6666666666666665,30.2,0.06666666666666667,6.576744186046511,36.0,297.0,1.0,
Cullen Gillaspia,RB,Texas A&M,24,220.0,2018.0,13.0,SEC,0,0,0,0,1,,,,2.5384615384615383,0.07692307692307693,,,,0.7692307692307693,85.0,1.0,6.538461538461538,0.07692307692307693,8.5,6.538461538461538,0.07692307692307693,5.3981627015177525,0.06741998624632421,,,,,,,0.0,0,1,0,0,0.38461538461538464,0.38461538461538464,4.0,0.0,6.6,,,,
D'Andre Swift,RB,Georgia,21,35.0,2019.0,14.0,SEC,0,0,0,0,1,,,,87.0,0.5,,,,15.714285714285714,1434.0,8.0,102.42857142857143,0.5714285714285714,6.5181818181818185,6.285714285714292,-0.3571428571428572,3.58351893845611,0.1690308509457033,13.0,,,,521.0,8.0,193.8,0,1,0,0,14.0,1.7142857142857142,15.428571428571429,0.07142857142857142,6.214285714285714,46.0,357.0,2.0,
D'Onta Foreman,RB,Texas,21,89.0,2016.0,11.0,SEC,0,0,0,0,1,,,,184.36363636363637,1.3636363636363635,,,,30.0,2103.0,15.0,191.1818181818182,1.3636363636363635,6.372727272727272,116.68181818181819,0.8636363636363635,4.499809670330265,0.105999788000636,10.0,,,,327.0,2.0,59.0,0,1,0,0,29.363636363636363,0.6363636363636364,6.818181818181818,0.0,6.2786377708978325,6.0,83.0,0.0,
Dalvin Cook,RB,Florida St.,22,41.0,2016.0,13.0,ACC,1,0,0,0,0,,,,135.76923076923077,1.4615384615384615,,,,24.692307692307693,2253.0,20.0,173.30769230769232,1.5384615384615385,7.018691588785046,12.05769230769232,-0.1282051282051282,3.7376696182833684,0.15617376188860607,4.0,,,,354.0,2.0,67.4,0,1,0,0,22.153846153846153,2.5384615384615383,37.53846153846154,0.07692307692307693,6.128472222222222,11.0,90.0,0.0,
Dameon Pierce,RB,Florida,22,107.0,2021.0,13.0,SEC,0,0,0,0,1,,,,44.15384615384615,1.0,,,,9.153846153846153,790.0,16.0,60.76923076923077,1.2307692307692308,6.6386554621848735,5.852564102564102,0.8141025641025641,4.68213122712422,0.09667364890456635,13.0,,,,939.0,4.0,170.4,0,1,0,0,7.6923076923076925,1.4615384615384615,16.615384615384617,0.23076923076923078,5.74,30.0,165.0,1.0,
Damien Harris,RB,Alabama,22,87.0,2018.0,15.0,SEC,0,0,0,0,1,,,,58.4,0.6,,,,11.466666666666667,1080.0,9.0,72.0,0.6,6.27906976744186,-5.928571428571431,-0.18571428571428572,4.477336814478207,0.10721125348377948,2.0,,,,12.0,0.0,1.2000000000000002,0,1,0,0,10.0,1.4666666666666666,13.6,0.0,5.84,0.0,0.0,0.0,
Daniel Lasco,RB,California,23,237.0,2015.0,10.0,Other,0,0,0,1,0,,,,33.1,0.3,,,,6.9,355.0,3.0,35.5,0.3,5.144927536231884,-87.08333333333333,-0.8666666666666667,5.472270673671475,0.06495698024616309,7.0,,,,32.0,0.0,6.300000000000001,0,1,0,0,6.5,0.4,2.4,0.0,5.092307692307692,2.0,11.0,0.0,
Darius Jackson,RB,Eastern Michigan,22,216.0,2015.0,12.0,Other,0,0,0,1,0,,,,89.83333333333333,1.1666666666666667,,,,19.083333333333332,1279.0,16.0,106.58333333333333,1.3333333333333333,5.585152838427948,69.66666666666666,1.0833333333333333,5.37989735354046,0.06804138174397717,4.0,,,,16.0,0.0,1.6,0,1,0,0,17.333333333333332,1.75,16.75,0.16666666666666666,5.1826923076923075,0.0,0.0,0.0,
Darrell Henderson,RB,Memphis,22,70.0,2018.0,13.0,Other,0,0,0,1,0,,,,146.84615384615384,1.6923076923076923,,,,17.923076923076923,2204.0,25.0,169.53846153846155,1.9230769230769231,9.459227467811159,54.53846153846155,1.0064102564102564,4.2626798770413155,0.11952286093343936,13.0,,,,147.0,0.0,22.400000000000002,0,1,0,0,16.46153846153846,1.4615384615384615,22.692307692307693,0.23076923076923078,8.92056074766355,4.0,37.0,0.0,
Darrynton Evans,RB,Appalachian St.,22,93.0,2019.0,14.0,Other,0,0,0,1,0,,,,105.71428571428571,1.2857142857142858,,,,19.714285714285715,1678.0,23.0,119.85714285714286,1.6428571428571428,6.079710144927536,21.85714285714286,1.0274725274725274,4.543294782270004,0.10369516947304253,5.0,,,,54.0,0.0,16.1,0,1,0,0,18.214285714285715,1.5,14.142857142857142,0.35714285714285715,5.803921568627451,2.0,27.0,1.0,
Darwin Thompson,RB,Utah St.,22,214.0,2018.0,13.0,Other,0,0,0,1,0,,,,80.3076923076923,1.0769230769230769,,,,13.538461538461538,1395.0,16.0,107.3076923076923,1.2307692307692308,7.926136363636364,0.0,0.0,5.3706380281276624,0.06835859270246633,12.0,,,,128.0,1.0,32.1,0,1,0,0,11.76923076923077,1.7692307692307692,27.0,0.15384615384615385,6.823529411764706,9.0,43.0,0.0,
David Cobb,RB,Minnesota,22,138.0,2014.0,13.0,Big Ten,0,0,1,0,0,,,,125.07692307692308,1.0,,,,25.384615384615383,1788.0,13.0,137.53846153846155,1.0,5.418181818181818,31.692307692307708,0.46153846153846156,4.9344739331306915,0.08512565307587486,7.0,,,,146.0,1.0,21.400000000000002,0,1,0,0,24.153846153846153,1.2307692307692308,12.461538461538462,0.0,5.178343949044586,1.0,-2.0,0.0,
David Johnson,RB,Northern Iowa,23,86.0,2014.0,13.0,Other,0,0,0,1,0,,,,0.0,0.0,,,,1.8461538461538463,269.0,0.0,20.692307692307693,0.0,11.208333333333332,-23.384615384615387,-0.3076923076923077,4.465908118654584,0.10783277320343841,16.0,,,,581.0,8.0,211.8,0,1,0,0,0.0,1.8461538461538463,20.692307692307693,0.0,,36.0,457.0,4.0,
David Montgomery,RB,Iowa St.,22,73.0,2018.0,12.0,Big 12,0,1,0,0,0,,,,101.33333333333333,1.0833333333333333,,,,23.25,1373.0,13.0,114.41666666666667,1.0833333333333333,4.921146953405018,3.4935897435897516,0.23717948717948711,4.30406509320417,0.11704114719613057,16.0,,,,889.0,6.0,174.4,0,1,0,0,21.416666666666668,1.8333333333333333,13.083333333333334,0.0,4.7315175097276265,25.0,185.0,1.0,
David Williams,RB,Arkansas,24,226.0,2017.0,12.0,SEC,0,0,0,0,1,,,,54.666666666666664,0.6666666666666666,,,,10.583333333333334,827.0,10.0,68.91666666666667,0.8333333333333334,6.511811023622047,44.99358974358975,0.6025641025641026,5.424950017481403,0.06651901052377393,6.0,,,,36.0,0.0,3.6,0,1,0,0,9.75,0.8333333333333334,14.25,0.16666666666666666,5.6068376068376065,0.0,0.0,0.0,
De'Angelo Henderson,RB,Coastal Carolina,24,203.0,2016.0,14.0,Other,0,0,0,1,0,,,,3.0,0.0,,,,4.071428571428571,733.0,7.0,52.357142857142854,0.5,12.859649122807017,9.510989010989007,-0.038461538461538436,5.318119993844216,0.07018624063435965,5.0,,,,13.0,0.0,12.9,0,1,0,0,0.6428571428571429,3.4285714285714284,49.357142857142854,0.5,4.666666666666667,2.0,36.0,1.0,
De'Von Achane,RB,Texas A&M,21,84.0,2022.0,10.0,SEC,0,0,0,0,1,,,,110.2,0.8,,,,23.2,1298.0,11.0,129.8,1.1,5.594827586206897,32.21666666666668,0.2666666666666667,4.442651256490317,0.1091089451179962,11.0,,,,800.0,8.0,192.7,0,1,0,0,19.6,3.6,19.6,0.3,5.622448979591836,27.0,197.0,3.0,
DeAndre Washington,RB,Texas Tech,23,143.0,2015.0,13.0,Big 12,0,1,0,0,0,,,,114.76923076923077,1.0769230769230769,,,,21.076923076923077,1877.0,16.0,144.3846153846154,1.2307692307692308,6.85036496350365,25.134615384615387,0.8974358974358976,4.969813299576001,0.08362420100070908,14.0,,,,467.0,2.0,87.2,0,1,0,0,17.923076923076923,3.1538461538461537,29.615384615384617,0.15384615384615385,6.4034334763948495,17.0,115.0,0.0,
DeWayne McBride,RB,Ala-Birmingham,22,222.0,2022.0,11.0,Other,0,0,0,1,0,,,,155.72727272727272,1.7272727272727273,,,,21.363636363636363,1723.0,19.0,156.63636363636363,1.7272727272727273,7.3319148936170215,49.713286713286706,0.7272727272727273,5.407171771460119,0.06711560552140243,,,,,,,0.0,0,1,0,0,21.181818181818183,0.18181818181818182,0.9090909090909091,0.0,7.351931330472103,,,,
DeeJay Dallas,RB,Miami (FL),21,144.0,2019.0,10.0,ACC,1,0,0,0,0,,,,69.3,0.8,,,,12.9,833.0,10.0,83.3,1.0,6.457364341085271,29.299999999999997,0.5384615384615384,4.976733742420574,0.08333333333333333,12.0,,,,108.0,2.0,56.9,0,1,0,0,11.5,1.4,14.0,0.2,6.026086956521739,17.0,111.0,1.0,
Demetric Felton,RB,UCLA,23,211.0,2020.0,6.0,Big Ten,0,0,1,0,0,,,,111.33333333333333,0.8333333333333334,,,,25.666666666666668,827.0,8.0,137.83333333333334,1.3333333333333333,5.37012987012987,60.750000000000014,0.9166666666666665,5.356586274672012,0.06884283908215143,,,,,,,0.0,0,1,0,0,22.0,3.6666666666666665,26.5,0.5,5.0606060606060606,,,,
Derrick Henry,RB,Alabama,22,45.0,2015.0,15.0,SEC,0,0,0,0,1,,,,147.93333333333334,1.8666666666666667,,,,27.066666666666666,2310.0,28.0,154.0,1.8666666666666667,5.689655172413794,73.78571428571429,0.9380952380952381,3.828641396489095,0.14907119849998599,15.0,,,,490.0,5.0,105.7,0,1,0,0,26.333333333333332,0.7333333333333333,6.066666666666666,0.0,5.6177215189873415,13.0,137.0,0.0,
Derrius Guice,RB,LSU,21,59.0,2017.0,12.0,SEC,0,0,0,0,1,,,,104.25,0.9166666666666666,,,,21.25,1375.0,13.0,114.58333333333333,1.0833333333333333,5.3921568627450975,-9.833333333333343,-0.25,4.0943445622221,0.13018891098082389,5.0,,,,245.0,2.0,57.4,0,1,0,0,19.75,1.5,10.333333333333334,0.16666666666666666,5.2784810126582276,7.0,79.0,1.0,
Deuce Vaughn,RB,Kansas St.,21,212.0,2022.0,14.0,Big 12,0,1,0,0,0,,,,111.28571428571429,0.6428571428571429,,,,23.928571428571427,1936.0,12.0,138.28571428571428,0.8571428571428571,5.7791044776119405,-5.714285714285722,-0.8351648351648352,5.3612921657094255,0.06868028197434452,7.0,,,,40.0,0.0,15.0,0,1,0,0,20.928571428571427,3.0,27.0,0.21428571428571427,5.3174061433447095,7.0,40.0,0.0,
Devante Mays,RB,Utah St.,23,238.0,2016.0,6.0,Other,0,0,0,1,0,,,,43.166666666666664,0.5,,,,6.333333333333333,267.0,3.0,44.5,0.5,7.026315789473685,-30.5,-0.1923076923076923,5.476463551931511,0.06482037235521644,8.0,,,,1.0,0.0,3.1,0,1,0,0,6.166666666666667,0.16666666666666666,1.3333333333333333,0.0,7.0,3.0,0.0,0.0,
Devin Singletary,RB,Florida Atlantic,22,74.0,2018.0,12.0,Other,0,0,0,1,0,,,,112.33333333333333,1.8333333333333333,,,,22.25,1384.0,22.0,115.33333333333333,1.8333333333333333,5.1835205992509366,-35.95238095238095,-0.523809523809524,4.31748811353631,0.11624763874381928,12.0,,,,775.0,2.0,149.9,0,1,0,0,21.75,0.5,3.0,0.0,5.164750957854406,29.0,194.0,2.0,
Devontae Booker,RB,Utah,24,136.0,2015.0,10.0,Big 12,0,1,0,0,0,,,,126.1,1.1,,,,30.5,1579.0,11.0,157.9,1.1,5.177049180327868,18.053846153846166,0.17692307692307696,4.919980925828125,0.08574929257125441,16.0,,,,612.0,4.0,148.7,0,1,0,0,26.8,3.7,31.8,0.0,4.705223880597015,31.0,265.0,1.0,
Dexter Williams,RB,Notre Dame,22,194.0,2018.0,9.0,Other,0,0,0,1,0,,,,110.55555555555556,1.3333333333333333,,,,19.333333333333332,1128.0,13.0,125.33333333333333,1.4444444444444444,6.482758620689655,88.03333333333333,0.9444444444444444,5.272999558563747,0.07179581586177382,4.0,,,,11.0,0.0,1.1,0,1,0,0,17.555555555555557,1.7777777777777777,14.777777777777779,0.1111111111111111,6.2974683544303796,0.0,0.0,0.0,
Donnel Pumphrey,RB,San Diego St.,22,132.0,2016.0,14.0,Other,0,0,0,1,0,,,,152.35714285714286,1.2142857142857142,,,,26.857142857142858,2364.0,17.0,168.85714285714286,1.2142857142857142,6.287234042553192,21.071428571428584,-0.2142857142857144,4.890349128221754,0.08703882797784893,,,,,,,0.0,0,1,0,0,24.928571428571427,1.9285714285714286,16.5,0.0,6.111747851002866,,,,
Duke Johnson,RB,Miami (FL),21,77.0,2014.0,13.0,ACC,1,0,0,0,0,,,,127.07692307692308,0.7692307692307693,,,,21.53846153846154,2073.0,13.0,159.46153846153845,1.0,7.4035714285714285,34.83653846153845,0.25,4.356708826689592,0.11396057645963795,16.0,,,,379.0,0.0,164.3,0,1,0,0,18.615384615384617,2.923076923076923,32.38461538461539,0.23076923076923078,6.8264462809917354,61.0,534.0,2.0,
Dwayne Washington,RB,Washington,22,236.0,2015.0,8.0,Big Ten,0,0,1,0,0,,,,35.25,0.5,,,,9.0,597.0,7.0,74.625,0.875,8.291666666666666,14.009615384615387,0.1826923076923077,5.4680601411351315,0.06509445549041194,12.0,,,,265.0,1.0,48.7,0,1,0,0,5.875,3.125,39.375,0.375,6.0,10.0,62.0,0.0,
Dylan Laube,RB,New Hampshire,24,208.0,2023.0,13.0,Other,0,0,0,1,0,,,,86.76923076923077,1.0,,,,15.538461538461538,1374.0,14.0,105.6923076923077,1.0769230769230769,6.801980198019802,36.46153846153847,0.7692307692307692,5.342334251964811,0.06933752452815364,10.0,,,,0.0,0.0,0.0,0,1,0,0,13.923076923076923,1.6153846153846154,18.923076923076923,0.07692307692307693,6.232044198895028,0.0,0.0,0.0,
Elijah Hood,RB,North Carolina,21,242.0,2016.0,11.0,ACC,1,0,0,0,0,,,,78.0,0.7272727272727273,,,,15.454545454545455,1000.0,8.0,90.9090909090909,0.7272727272727273,5.88235294117647,-18.662337662337663,-0.4870129870129869,5.493061443340548,0.0642824346533225,,,,,,,0.0,0,1,0,0,13.181818181818182,2.272727272727273,12.909090909090908,0.0,5.917241379310345,,,,
Elijah McGuire,RB,Louisiana,23,188.0,2016.0,13.0,Other,0,0,0,1,0,,,,86.6923076923077,0.5384615384615384,,,,20.076923076923077,1365.0,9.0,105.0,0.6923076923076923,5.2298850574712645,-7.583333333333329,-0.641025641025641,5.241747015059643,0.07293249574894728,16.0,,,,315.0,1.0,78.2,0,1,0,0,17.846153846153847,2.230769230769231,18.307692307692307,0.15384615384615385,4.857758620689655,17.0,177.0,1.0,
Elijah Mitchell,RB,Louisiana,23,194.0,2020.0,10.0,Other,0,0,0,1,0,,,,87.8,0.8,,,,15.7,1031.0,8.0,103.1,0.8,6.56687898089172,16.171428571428564,-0.41428571428571415,5.272999558563747,0.07179581586177382,11.0,,,,963.0,5.0,165.0,0,1,0,0,14.1,1.6,15.3,0.0,6.226950354609929,19.0,137.0,1.0,
Eno Benjamin,RB,Arizona St.,21,222.0,2019.0,12.0,Big 12,0,1,0,0,0,,,,90.25,0.8333333333333334,,,,24.583333333333332,1430.0,12.0,119.16666666666667,1.0,4.8474576271186445,-27.371794871794876,-0.3846153846153846,5.407171771460119,0.06711560552140243,9.0,,,,118.0,1.0,28.0,0,1,0,0,21.083333333333332,3.5,28.916666666666668,0.16666666666666666,4.280632411067193,6.0,42.0,0.0,
Eric Gray,RB,Oklahoma,23,172.0,2022.0,12.0,SEC,0,0,0,0,1,,,,113.83333333333333,0.9166666666666666,,,,20.5,1595.0,11.0,132.91666666666666,0.9166666666666666,6.483739837398375,83.60897435897435,0.6089743589743589,5.153291594497779,0.07624928516630233,13.0,,,,48.0,0.0,13.0,0,1,0,0,17.75,2.75,19.083333333333332,0.0,6.413145539906103,6.0,22.0,0.0,
Evan Hull,RB,Northwestern,22,176.0,2022.0,12.0,Big Ten,0,0,1,0,0,,,,76.08333333333333,0.4166666666666667,,,,23.0,1459.0,7.0,121.58333333333333,0.5833333333333334,5.286231884057971,15.5,-0.16666666666666663,5.176149732573829,0.07537783614444091,,,,,,,0.0,0,1,0,0,18.416666666666668,4.583333333333333,45.5,0.16666666666666666,4.131221719457014,,,,
Ezekiel Elliott,RB,Ohio St.,21,4.0,2015.0,13.0,Big Ten,0,0,1,0,0,,,,140.07692307692307,1.7692307692307692,,,,24.307692307692307,2027.0,23.0,155.92307692307693,1.7692307692307692,6.4145569620253164,16.05641025641026,0.5692307692307692,1.6094379124341003,0.5,15.0,,,,1631.0,15.0,327.40000000000003,0,1,0,0,22.23076923076923,2.076923076923077,15.846153846153847,0.0,6.301038062283737,32.0,363.0,1.0,
Gary Brightwell,RB,Arizona,22,196.0,2020.0,5.0,Big 12,0,1,0,0,0,,,,78.0,0.2,,,,20.2,443.0,1.0,88.6,0.2,4.386138613861386,47.781818181818174,-0.3454545454545454,5.2832037287379885,0.07142857142857142,13.0,,,,4.0,0.0,2.0,0,1,0,0,17.6,2.6,10.6,0.0,4.431818181818182,1.0,6.0,0.0,
Gerrid Doaks,RB,Cincinnati,23,244.0,2020.0,9.0,Big 12,0,1,0,0,0,,,,74.77777777777777,0.7777777777777778,,,,17.555555555555557,875.0,9.0,97.22222222222223,1.0,5.537974683544303,47.555555555555564,0.5,5.501258210544727,0.06401843996644799,,,,,,,0.0,0,1,0,0,16.0,1.5555555555555556,22.444444444444443,0.2222222222222222,4.673611111111111,,,,
Hassan Haskins,RB,Michigan,22,131.0,2021.0,14.0,Big Ten,0,0,1,0,0,,,,94.78571428571429,1.4285714285714286,,,,20.571428571428573,1458.0,20.0,104.14285714285714,1.4285714285714286,5.0625,41.64285714285714,0.4285714285714286,4.882801922586371,0.0873704056661038,15.0,,,,93.0,0.0,26.0,0,1,0,0,19.285714285714285,1.2857142857142858,9.357142857142858,0.0,4.9148148148148145,11.0,57.0,0.0,
Isaac Guerendo,RB,Louisville,24,129.0,2023.0,14.0,ACC,1,0,0,0,0,,,,57.857142857142854,0.7857142857142857,,,,11.0,1044.0,11.0,74.57142857142857,0.7857142857142857,6.779220779220779,32.904761904761905,0.2857142857142857,4.867534450455582,0.08804509063256238,16.0,,,,420.0,4.0,96.2,0,1,0,0,9.428571428571429,1.5714285714285714,16.714285714285715,0.0,6.136363636363637,15.0,152.0,0.0,
Isaiah Davis,RB,South Dakota St.,22,173.0,2023.0,11.0,Other,0,0,0,1,0,,,,16.0,0.6363636363636364,,,,6.636363636363637,176.0,7.0,16.0,0.6363636363636364,2.410958904109589,-16.230769230769234,0.020979020979020935,5.159055299214529,0.07602859212697055,17.0,,,,174.0,1.0,45.900000000000006,0,1,0,0,6.636363636363637,0.0,0.0,0.0,2.410958904109589,9.0,75.0,1.0,
Isaiah Spiller,RB,Texas A&M,21,123.0,2021.0,12.0,SEC,0,0,0,0,1,,,,84.25,0.5,,,,17.0,1200.0,7.0,100.0,0.5833333333333334,5.882352941176471,-22.900000000000006,-0.31666666666666665,4.820281565605037,0.09016696346674323,6.0,,,,41.0,0.0,8.4,0,1,0,0,14.916666666666666,2.0833333333333335,15.75,0.08333333333333333,5.648044692737431,3.0,13.0,0.0,
Isiah Pacheco,RB,Rutgers,23,251.0,2021.0,12.0,Big Ten,0,0,1,0,0,,,,53.916666666666664,0.4166666666666667,,,,15.0,672.0,5.0,56.0,0.4166666666666667,3.733333333333333,-15.666666666666671,-0.027777777777777735,5.529429087511423,0.06311944030978031,17.0,,,,830.0,5.0,139.0,0,1,0,0,13.916666666666666,1.0833333333333333,2.0833333333333335,0.0,3.874251497005988,13.0,130.0,0.0,
Israel Abanikanda,RB,Pittsburgh,20,143.0,2022.0,11.0,ACC,1,0,0,0,0,,,,130.0909090909091,1.8181818181818181,,,,22.818181818181817,1577.0,21.0,143.36363636363637,1.9090909090909092,6.282868525896415,78.13286713286715,1.2937062937062938,4.969813299576001,0.08362420100070908,6.0,,,,70.0,0.0,18.3,0,1,0,0,21.727272727272727,1.0909090909090908,13.272727272727273,0.09090909090909091,5.98744769874477,7.0,43.0,0.0,
Ito Smith,RB,Southern Miss,22,126.0,2017.0,13.0,Other,0,0,0,1,0,,,,108.6923076923077,1.0,,,,22.153846153846153,1809.0,15.0,139.15384615384616,1.1538461538461537,6.28125,-8.384615384615387,-0.3076923076923077,4.844187086458591,0.0890870806374748,14.0,,,,315.0,4.0,97.7,0,1,0,0,19.076923076923077,3.076923076923077,30.46153846153846,0.15384615384615385,5.69758064516129,27.0,152.0,0.0,
J.K. Dobbins,RB,Ohio St.,21,55.0,2019.0,14.0,Big Ten,0,0,1,0,0,,,,143.07142857142858,1.5,,,,23.142857142857142,2250.0,23.0,160.71428571428572,1.6428571428571428,6.944444444444445,66.71428571428572,0.7857142857142857,4.02535169073515,0.13483997249264842,15.0,,,,805.0,9.0,164.5,0,1,0,0,21.5,1.6428571428571428,17.642857142857142,0.14285714285714285,6.6544850498338874,18.0,120.0,0.0,
Jahmyr Gibbs,RB,Alabama,21,12.0,2022.0,12.0,SEC,0,0,0,0,1,,,,77.16666666666667,0.5833333333333334,,,,16.25,1370.0,10.0,114.16666666666667,0.8333333333333334,7.0256410256410255,12.833333333333343,0.33333333333333337,2.5649493574615367,0.2886751345948129,15.0,,,,945.0,10.0,244.1,0,1,0,0,12.583333333333334,3.6666666666666665,37.0,0.25,6.132450331125828,52.0,316.0,1.0,
Jake Funk,RB,Maryland,23,233.0,2020.0,5.0,Big Ten,0,0,1,0,0,,,,103.2,0.6,,,,14.0,584.0,4.0,116.8,0.8,8.342857142857143,53.8,0.13333333333333341,5.455321115357702,0.06551217820804184,10.0,,,,5.0,0.0,0.5,0,1,0,0,12.0,2.0,13.6,0.2,8.6,0.0,0.0,0.0,
Jamaal Williams,RB,BYU,22,134.0,2016.0,10.0,Big 12,0,1,0,0,0,,,,137.5,1.2,,,,24.1,1455.0,12.0,145.5,1.2,6.037344398340249,74.875,0.7,4.90527477843843,0.08638684255813601,16.0,,,,556.0,4.0,142.8,0,1,0,0,23.4,0.7,8.0,0.0,5.8760683760683765,25.0,262.0,2.0,
James Conner,RB,Pittsburgh,22,105.0,2016.0,13.0,ACC,1,0,0,0,0,,,,84.0,1.2307692307692308,,,,18.23076923076923,1394.0,20.0,107.23076923076923,1.5384615384615385,5.881856540084389,23.230769230769226,-0.46153846153846145,4.663439094112067,0.09759000729485333,14.0,,,,144.0,0.0,14.4,0,1,0,0,16.615384615384617,1.6153846153846154,23.23076923076923,0.3076923076923077,5.055555555555555,0.0,0.0,0.0,
James Cook,RB,Georgia,22,63.0,2021.0,15.0,SEC,0,0,0,0,1,,,,48.53333333333333,0.4666666666666667,,,,9.333333333333334,1012.0,11.0,67.46666666666667,0.7333333333333333,7.228571428571428,1.4666666666666686,0.10833333333333328,4.1588830833596715,0.1259881576697424,16.0,,,,507.0,2.0,107.7,0,1,0,0,7.533333333333333,1.8,18.933333333333334,0.26666666666666666,6.442477876106195,21.0,180.0,1.0,
Jase McClellan,RB,Alabama,22,186.0,2023.0,13.0,SEC,0,0,0,0,1,,,,68.46153846153847,0.6153846153846154,,,,15.0,1027.0,8.0,79.0,0.6153846153846154,5.266666666666667,15.230769230769234,-0.15384615384615385,5.231108616854587,0.07332355751067665,2.0,,,,32.0,0.0,3.2,0,1,0,0,13.846153846153847,1.1538461538461537,10.538461538461538,0.0,4.944444444444445,0.0,0.0,0.0,
Jason Huntley,RB,New Mexico St.,22,172.0,2019.0,12.0,Other,0,0,0,1,0,,,,90.83333333333333,0.75,,,,16.166666666666668,1282.0,11.0,106.83333333333333,0.9166666666666666,6.608247422680411,20.666666666666657,0.08333333333333326,5.153291594497779,0.07624928516630233,5.0,,,,19.0,0.0,2.9000000000000004,0,1,0,0,12.833333333333334,3.3333333333333335,16.0,0.16666666666666666,7.077922077922078,1.0,0.0,0.0,
Javonte Williams,RB,North Carolina,21,35.0,2020.0,11.0,ACC,1,0,0,0,0,,,,103.63636363636364,1.7272727272727273,,,,16.545454545454547,1445.0,22.0,131.36363636363637,2.0,7.939560439560439,46.05594405594407,1.5384615384615383,3.58351893845611,0.1690308509457033,17.0,,,,903.0,4.0,206.9,0,1,0,0,14.272727272727273,2.272727272727273,27.727272727272727,0.2727272727272727,7.261146496815287,43.0,316.0,3.0,
Javorius Allen,RB,USC,24,125.0,2014.0,13.0,Big Ten,0,0,1,0,0,,,,114.53846153846153,0.8461538461538461,,,,24.384615384615383,1947.0,12.0,149.76923076923077,0.9230769230769231,6.141955835962145,70.0,-0.23076923076923062,4.836281906951478,0.08944271909999159,16.0,,,,514.0,1.0,149.70000000000002,0,1,0,0,21.23076923076923,3.1538461538461537,35.23076923076923,0.07692307692307693,5.394927536231884,45.0,353.0,2.0,
Jawhar Jordan,RB,Louisville,25,205.0,2023.0,13.0,ACC,1,0,0,0,0,,,,86.76923076923077,1.0,,,,15.538461538461538,1374.0,14.0,105.6923076923077,1.0769230769230769,6.801980198019802,36.46153846153847,0.7692307692307692,5.327876168789581,0.06984302957695782,,,,,,,0.0,0,1,0,0,13.923076923076923,1.6153846153846154,18.923076923076923,0.07692307692307693,6.232044198895028,,,,
Jay Ajayi,RB,Boise St.,22,149.0,2014.0,14.0,Other,0,0,0,1,0,,,,130.21428571428572,2.0,,,,28.357142857142858,2358.0,32.0,168.42857142857142,2.2857142857142856,5.939546599496222,41.73626373626372,0.8241758241758241,5.0106352940962555,0.08192319205190406,9.0,,,,187.0,1.0,40.7,0,1,0,0,24.785714285714285,3.5714285714285716,38.214285714285715,0.2857142857142857,5.253602305475504,7.0,90.0,0.0,
Jaylen Wright,RB,Tennessee,21,120.0,2023.0,12.0,SEC,0,0,0,0,1,,,,84.41666666666667,0.3333333333333333,,,,13.25,1154.0,4.0,96.16666666666667,0.3333333333333333,7.257861635220126,28.24358974358975,-0.43589743589743596,4.795790545596741,0.09128709291752768,15.0,,,,249.0,0.0,28.700000000000003,0,1,0,0,11.416666666666666,1.8333333333333333,11.75,0.0,7.394160583941606,3.0,8.0,0.0,
Jeremy Langford,RB,Michigan St.,23,106.0,2014.0,13.0,Big Ten,0,0,1,0,0,,,,117.07692307692308,1.6923076923076923,,,,22.076923076923077,1584.0,22.0,121.84615384615384,1.6923076923076923,5.519163763066202,9.060439560439548,0.3351648351648351,4.672828834461906,0.09712858623572641,16.0,,,,537.0,6.0,145.6,0,1,0,0,21.23076923076923,0.8461538461538461,4.769230769230769,0.0,5.5144927536231885,22.0,279.0,1.0,
Jeremy McNichols,RB,Boise St.,21,162.0,2016.0,13.0,Other,0,0,0,1,0,,,,131.46153846153845,1.7692307692307692,,,,27.0,2183.0,27.0,167.92307692307693,2.076923076923077,6.219373219373219,18.173076923076934,-0.08974358974358942,5.093750200806762,0.07856742013183861,2.0,,,,0.0,0.0,0.0,0,1,0,0,24.153846153846153,2.8461538461538463,36.46153846153846,0.3076923076923077,5.442675159235669,0.0,0.0,0.0,
Jermar Jefferson,RB,Oregon St.,21,257.0,2020.0,6.0,Other,0,0,0,1,0,,,,143.0,1.1666666666666667,,,,23.666666666666668,925.0,7.0,154.16666666666666,1.1666666666666667,6.514084507042253,68.6111111111111,0.05555555555555558,5.552959584921617,0.06237828615518053,7.0,,,,74.0,2.0,25.7,0,1,0,0,22.166666666666668,1.5,11.166666666666666,0.0,6.451127819548872,4.0,23.0,0.0,
Jerome Ford,RB,Cincinnati,22,156.0,2021.0,13.0,Big 12,0,1,0,0,0,,,,101.46153846153847,1.4615384615384615,,,,18.076923076923077,1539.0,20.0,118.38461538461539,1.5384615384615385,6.548936170212766,64.98461538461538,0.7384615384615385,5.056245805348308,0.08006407690254357,13.0,,,,12.0,0.0,1.2000000000000002,0,1,0,0,16.46153846153846,1.6153846153846154,16.923076923076923,0.07692307692307693,6.163551401869159,0.0,0.0,0.0,
Joe Mixon,RB,Oklahoma,21,48.0,2016.0,12.0,SEC,0,0,0,0,1,,,,106.16666666666667,0.8333333333333334,,,,18.666666666666668,1812.0,15.0,151.0,1.25,8.089285714285714,65.6923076923077,0.40384615384615385,3.8918202981106265,0.14433756729740646,14.0,,,,626.0,4.0,145.3,0,1,0,0,15.583333333333334,3.0833333333333335,44.833333333333336,0.4166666666666667,6.81283422459893,30.0,287.0,0.0,
Joe Williams,RB,Utah,24,121.0,2016.0,9.0,Big 12,0,1,0,0,0,,,,156.33333333333334,1.1111111111111112,,,,24.333333333333332,1514.0,10.0,168.22222222222223,1.1111111111111112,6.9132420091324205,112.12222222222223,0.8111111111111111,4.804021044733257,0.09090909090909091,,,,,,,0.0,0,1,0,0,23.333333333333332,1.0,11.88888888888889,0.0,6.7,,,,
John Kelly,RB,Tennessee,21,176.0,2017.0,11.0,SEC,0,0,0,0,1,,,,70.72727272727273,0.8181818181818182,,,,20.545454545454547,1077.0,9.0,97.9090909090909,0.8181818181818182,4.765486725663717,41.15909090909091,0.40151515151515155,5.176149732573829,0.07537783614444091,4.0,,,,74.0,0.0,12.100000000000001,0,1,0,0,17.181818181818183,3.3636363636363638,27.181818181818183,0.0,4.116402116402116,2.0,27.0,0.0,
Jonathan Taylor,RB,Wisconsin,21,41.0,2019.0,14.0,Big Ten,0,0,1,0,0,,,,143.07142857142858,1.5,,,,24.714285714285715,2255.0,26.0,161.07142857142858,1.8571428571428572,6.517341040462427,-12.313186813186803,0.6263736263736264,3.7376696182833684,0.15617376188860607,15.0,,,,1169.0,11.0,254.8,0,1,0,0,22.857142857142858,1.8571428571428572,18.0,0.35714285714285715,6.259375,36.0,299.0,1.0,
Jonathan Williams,RB,Arkansas,22,156.0,2015.0,1.0,SEC,0,0,0,0,1,,,,0.0,0.0,,,,0.0,0.0,0.0,0.0,0.0,,-96.53846153846153,-1.0769230769230769,5.056245805348308,0.08006407690254357,11.0,,,,94.0,1.0,16.4,0,1,0,0,0.0,0.0,0.0,0.0,,1.0,0.0,0.0,
Jonathon Brooks,RB,Texas,21,46.0,2023.0,11.0,SEC,0,0,0,0,1,,,,103.54545454545455,0.9090909090909091,,,,19.272727272727273,1425.0,11.0,129.54545454545453,1.0,6.721698113207546,96.1168831168831,0.1428571428571429,3.8501476017100584,0.14744195615489714,3.0,,,,22.0,0.0,7.5,0,1,0,0,17.0,2.272727272727273,26.0,0.09090909090909091,6.090909090909091,3.0,23.0,0.0,
Jordan Howard,RB,Indiana,21,150.0,2015.0,9.0,Big Ten,0,0,1,0,0,,,,134.77777777777777,1.0,,,,23.0,1319.0,10.0,146.55555555555554,1.1111111111111112,6.371980676328502,8.305555555555543,-0.05555555555555558,5.017279836814924,0.08164965809277261,15.0,,,,1313.0,6.0,232.10000000000002,0,1,0,0,21.77777777777778,1.2222222222222223,11.777777777777779,0.1111111111111111,6.188775510204081,29.0,298.0,1.0,
Jordan Scarlett,RB,Florida,23,154.0,2018.0,13.0,SEC,0,0,0,0,1,,,,59.69230769230769,0.38461538461538464,,,,10.846153846153847,860.0,5.0,66.15384615384616,0.38461538461538464,6.0992907801418434,-4.0,-0.07692307692307693,5.043425116919247,0.08058229640253803,9.0,,,,9.0,0.0,0.9,0,1,0,0,10.076923076923077,0.7692307692307693,6.461538461538462,0.0,5.923664122137405,0.0,0.0,0.0,
Jordan Wilkins,RB,Mississippi,24,169.0,2017.0,12.0,SEC,0,0,0,0,1,,,,84.25,0.75,,,,15.083333333333334,1252.0,10.0,104.33333333333333,0.8333333333333334,6.917127071823205,69.41025641025641,0.5256410256410257,5.135798437050262,0.07692307692307693,16.0,,,,336.0,1.0,64.1,0,1,0,0,12.916666666666666,2.1666666666666665,20.083333333333332,0.08333333333333333,6.52258064516129,16.0,85.0,0.0,
Josh Jacobs,RB,Alabama,21,24.0,2018.0,15.0,SEC,0,0,0,0,1,,,,42.666666666666664,0.7333333333333333,,,,9.333333333333334,887.0,14.0,59.13333333333333,0.9333333333333333,6.335714285714285,21.46666666666667,0.6833333333333333,3.2188758248682006,0.20412414523193154,13.0,,,,1150.0,7.0,193.6,0,1,0,0,8.0,1.3333333333333333,16.466666666666665,0.2,5.333333333333333,20.0,166.0,0.0,
Josh Robinson,RB,Mississippi St.,23,205.0,2014.0,13.0,SEC,0,0,0,0,1,,,,92.53846153846153,0.8461538461538461,,,,16.76923076923077,1573.0,12.0,121.0,0.9230769230769231,7.215596330275229,76.84615384615384,0.6923076923076923,5.327876168789581,0.06984302957695782,5.0,,,,39.0,0.0,13.200000000000001,0,1,0,0,14.615384615384615,2.1538461538461537,28.46153846153846,0.07692307692307693,6.331578947368421,6.0,33.0,0.0,
Joshua Kelley,RB,UCLA,22,112.0,2019.0,11.0,Big Ten,0,0,1,0,0,,,,96.36363636363636,1.0909090909090908,,,,21.818181818181817,1131.0,13.0,102.81818181818181,1.1818181818181819,4.7125,-27.72727272727272,0.09090909090909105,4.727387818712341,0.0944911182523068,14.0,,,,354.0,2.0,85.2,0,1,0,0,20.818181818181817,1.0,6.454545454545454,0.09090909090909091,4.62882096069869,23.0,148.0,0.0,
Justice Hill,RB,Oklahoma St.,21,113.0,2018.0,10.0,Big 12,0,1,0,0,0,,,,93.0,0.9,,,,17.1,998.0,9.0,99.8,0.9,5.83625730994152,-27.66153846153847,-0.3307692307692308,4.736198448394496,0.09407208683835973,16.0,,,,225.0,2.0,49.5,0,1,0,0,15.8,1.3,6.8,0.0,5.886075949367089,8.0,70.0,0.0,
Justin Jackson,RB,Northwestern,22,251.0,2017.0,13.0,Big Ten,0,0,1,0,0,,,,100.84615384615384,0.8461538461538461,,,,25.46153846153846,1587.0,11.0,122.07692307692308,0.8461538461538461,4.794561933534744,-11.999999999999986,-0.3076923076923076,5.529429087511423,0.06311944030978031,13.0,,,,206.0,2.0,61.1,0,1,0,0,22.076923076923077,3.3846153846153846,21.23076923076923,0.0,4.56794425087108,15.0,135.0,0.0,
Kalen Ballage,RB,Arizona St.,22,131.0,2017.0,13.0,Big 12,0,1,0,0,0,,,,51.46153846153846,0.46153846153846156,,,,13.615384615384615,760.0,6.0,58.46153846153846,0.46153846153846156,4.293785310734464,-25.28846153846154,-0.7884615384615384,4.882801922586371,0.0873704056661038,12.0,,,,191.0,1.0,39.7,0,1,0,0,12.076923076923077,1.5384615384615385,7.0,0.0,4.261146496815287,9.0,56.0,0.0,
Kareem Hunt,RB,Toledo,22,86.0,2016.0,13.0,Other,0,0,0,1,0,,,,113.46153846153847,0.7692307692307693,,,,23.307692307692307,1878.0,11.0,144.46153846153845,0.8461538461538461,6.198019801980198,42.661538461538456,-0.3538461538461538,4.465908118654584,0.10783277320343841,16.0,,,,1327.0,8.0,297.20000000000005,0,1,0,0,20.153846153846153,3.1538461538461537,31.0,0.07692307692307693,5.629770992366412,53.0,455.0,3.0,
Karlos Williams,RB,Florida St.,22,155.0,2014.0,12.0,ACC,1,0,0,0,0,,,,57.416666666666664,0.9166666666666666,,,,14.916666666666666,954.0,12.0,79.5,1.0,5.329608938547486,22.857142857142854,0.2142857142857143,5.049856007249537,0.08032193289024989,11.0,,,,517.0,7.0,126.30000000000001,0,1,0,0,12.5,2.4166666666666665,22.083333333333332,0.08333333333333333,4.593333333333334,11.0,96.0,2.0,
Ke'Shawn Vaughn,RB,Illinois,23,76.0,2019.0,12.0,Big Ten,0,0,1,0,0,,,,85.66666666666667,0.75,,,,18.916666666666668,1314.0,10.0,109.5,0.8333333333333334,5.788546255506607,-8.333333333333329,-0.33333333333333337,4.343805421853684,0.11470786693528087,10.0,,,,109.0,0.0,25.3,0,1,0,0,16.5,2.4166666666666665,23.833333333333332,0.08333333333333333,5.191919191919192,5.0,34.0,1.0,
Keaontay Ingram,RB,USC,22,201.0,2021.0,10.0,Big Ten,0,0,1,0,0,,,,91.1,0.5,,,,17.8,1067.0,5.0,106.7,0.5,5.9943820224719095,47.86666666666667,0.16666666666666669,5.308267697401205,0.07053456158585983,12.0,,,,60.0,1.0,18.1,0,1,0,0,15.6,2.2,15.6,0.0,5.839743589743589,4.0,21.0,0.0,
Keenan Reynolds,RB,Navy,22,182.0,2015.0,13.0,Other,0,0,0,1,0,,,,105.61538461538461,1.8461538461538463,,,,20.46153846153846,1420.0,24.0,109.23076923076923,1.8461538461538463,5.338345864661654,0.9580419580419601,-0.24475524475524457,5.209486152841421,0.07412493166611012,,,,,,,0.0,0,1,0,0,20.384615384615383,0.07692307692307693,3.6153846153846154,0.0,5.181132075471698,,,,
Keilan Robinson,RB,Texas,24,167.0,2023.0,13.0,SEC,0,0,0,0,1,,,,10.307692307692308,0.23076923076923078,,,,1.5384615384615385,190.0,3.0,14.615384615384615,0.23076923076923078,9.5,-8.846153846153845,0.0,5.123963979403259,0.07738232325341368,,,,,,,0.0,0,1,0,0,0.9230769230769231,0.6153846153846154,4.3076923076923075,0.0,11.166666666666666,,,,
Keith Marshall,RB,Georgia,22,242.0,2015.0,11.0,SEC,0,0,0,0,1,,,,31.818181818181817,0.2727272727272727,,,,6.545454545454546,378.0,4.0,34.36363636363637,0.36363636363636365,5.249999999999999,28.030303030303035,0.36363636363636365,5.493061443340548,0.0642824346533225,,,,,,,0.0,0,1,0,0,6.181818181818182,0.36363636363636365,2.5454545454545454,0.09090909090909091,5.147058823529412,,,,
Kelvin Taylor,RB,Florida,22,211.0,2015.0,14.0,SEC,0,0,0,0,1,,,,73.92857142857143,0.9285714285714286,,,,19.714285714285715,1185.0,13.0,84.64285714285714,0.9285714285714286,4.2934782608695645,38.226190476190474,0.4285714285714286,5.356586274672012,0.06884283908215143,,,,,,,0.0,0,1,0,0,18.5,1.2142857142857142,10.714285714285714,0.0,3.996138996138996,,,,
Kendre Miller,RB,TCU,21,71.0,2022.0,14.0,Big 12,0,1,0,0,0,,,,99.92857142857143,1.2142857142857142,,,,17.142857142857142,1515.0,17.0,108.21428571428571,1.2142857142857142,6.3125,34.21428571428571,0.41428571428571415,4.276666119016055,0.11867816581938533,8.0,,,,156.0,1.0,43.300000000000004,0,1,0,0,16.0,1.1428571428571428,8.285714285714286,0.0,6.245535714285714,10.0,117.0,0.0,
Kene Nwangwu,RB,Iowa St.,23,119.0,2020.0,12.0,Big 12,0,1,0,0,0,,,,28.25,0.3333333333333333,,,,5.333333333333333,361.0,4.0,30.083333333333332,0.3333333333333333,5.640625,20.62179487179487,0.3333333333333333,4.787491742782046,0.09166984970282113,11.0,,,,61.0,0.0,11.000000000000002,0,1,0,0,5.083333333333333,0.25,1.8333333333333333,0.0,5.557377049180328,4.0,9.0,0.0,
Kenneth Dixon,RB,Louisiana Tech,22,134.0,2015.0,11.0,Other,0,0,0,1,0,,,,97.27272727272727,1.7272727272727273,,,,21.0,1537.0,26.0,139.72727272727272,2.3636363636363638,6.653679653679654,19.441558441558428,0.36363636363636376,4.90527477843843,0.08638684255813601,12.0,,,,382.0,2.0,102.4,0,1,0,0,17.90909090909091,3.090909090909091,42.45454545454545,0.6363636363636364,5.431472081218274,30.0,162.0,1.0,
Kenneth Gainwell,RB,Memphis,22,150.0,2019.0,14.0,Other,0,0,0,1,0,,,,104.21428571428571,0.9285714285714286,,,,20.142857142857142,2069.0,16.0,147.78571428571428,1.1428571428571428,7.336879432624114,112.03571428571428,0.8928571428571428,5.017279836814924,0.08164965809277261,16.0,,,,291.0,5.0,123.39999999999999,0,1,0,0,16.5,3.642857142857143,43.57142857142857,0.21428571428571427,6.316017316017316,33.0,253.0,1.0,
Kenneth Walker III,RB,Michigan St.,21,41.0,2021.0,12.0,Big Ten,0,0,1,0,0,,,,136.33333333333334,1.5,,,,23.0,1725.0,19.0,143.75,1.5833333333333333,6.25,67.625,-0.04166666666666674,3.7376696182833684,0.15617376188860607,15.0,,,,1050.0,9.0,202.5,0,1,0,0,21.916666666666668,1.0833333333333333,7.416666666666667,0.08333333333333333,6.220532319391635,27.0,165.0,0.0,
Kenny Hilliard,RB,LSU,23,235.0,2014.0,11.0,SEC,0,0,0,0,1,,,,40.63636363636363,0.5454545454545454,,,,8.545454545454545,482.0,6.0,43.81818181818182,0.5454545454545454,5.127659574468085,17.984848484848488,-0.037878787878787956,5.4638318050256105,0.06523280730534423,,,,,,,0.0,0,1,0,0,8.181818181818182,0.36363636363636365,3.1818181818181817,0.0,4.966666666666667,,,,
Kenny McIntosh,RB,Georgia,23,237.0,2022.0,15.0,SEC,0,0,0,0,1,,,,55.266666666666666,0.6666666666666666,,,,12.866666666666667,1334.0,12.0,88.93333333333334,0.8,6.9119170984455955,48.21904761904762,0.4428571428571429,5.472270673671475,0.06495698024616309,3.0,,,,0.0,0.0,0.0,0,1,0,0,10.0,2.8666666666666667,33.666666666666664,0.13333333333333333,5.526666666666666,0.0,0.0,0.0,
Kenyan Drake,RB,Alabama,22,73.0,2015.0,13.0,SEC,0,0,0,0,1,,,,31.384615384615383,0.07692307692307693,,,,8.153846153846153,684.0,2.0,52.61538461538461,0.15384615384615385,6.452830188679245,-1.5846153846153896,-1.046153846153846,4.30406509320417,0.11704114719613057,16.0,,,,179.0,2.0,43.50000000000001,0,1,0,0,5.923076923076923,2.230769230769231,21.23076923076923,0.07692307692307693,5.298701298701299,9.0,46.0,0.0,
Kerrith Whyte Jr,RB,Florida Atlantic,22,222.0,2018.0,12.0,Other,0,0,0,1,0,,,,72.16666666666667,0.6666666666666666,,,,12.0,1026.0,10.0,85.5,0.8333333333333334,7.125,57.42857142857143,0.6904761904761905,5.407171771460119,0.06711560552140243,6.0,,,,122.0,0.0,14.100000000000001,0,1,0,0,11.166666666666666,0.8333333333333334,13.333333333333334,0.16666666666666666,6.462686567164179,1.0,9.0,0.0,
Kerryon Johnson,RB,Auburn,21,43.0,2017.0,12.0,SEC,0,0,0,0,1,,,,115.91666666666667,1.5,,,,25.75,1585.0,20.0,132.08333333333334,1.6666666666666667,5.1294498381877025,47.08333333333334,0.7500000000000001,3.784189633918261,0.15249857033260467,10.0,,,,641.0,3.0,141.4,0,1,0,0,23.75,2.0,16.166666666666668,0.16666666666666666,4.8807017543859645,32.0,213.0,1.0,
Kevin Harris,RB,South Carolina,21,183.0,2021.0,12.0,SEC,0,0,0,0,1,,,,54.916666666666664,0.3333333333333333,,,,13.583333333333334,748.0,4.0,62.333333333333336,0.3333333333333333,4.588957055214723,-67.36666666666665,-1.2666666666666668,5.214935757608986,0.07392212709545729,5.0,,,,52.0,1.0,11.2,0,1,0,0,12.666666666666666,0.9166666666666666,7.416666666666667,0.0,4.3355263157894735,0.0,0.0,0.0,
Khalfani Muhammad,RB,California,22,241.0,2016.0,11.0,Other,0,0,0,1,0,,,,75.18181818181819,0.18181818181818182,,,,15.363636363636363,959.0,2.0,87.18181818181819,0.18181818181818182,5.674556213017752,22.59848484848486,-0.06818181818181818,5.488937726156687,0.06441566264008308,,,,,,,0.0,0,1,0,0,13.818181818181818,1.5454545454545454,12.0,0.0,5.440789473684211,,,,
Khalil Herbert,RB,Virginia Tech,23,217.0,2020.0,11.0,ACC,1,0,0,0,0,,,,107.45454545454545,0.7272727272727273,,,,14.909090909090908,1361.0,9.0,123.72727272727273,0.8181818181818182,8.298780487804878,27.977272727272734,0.31818181818181823,5.384495062789089,0.06788442333021306,17.0,,,,433.0,2.0,78.9,0,1,0,0,14.0,0.9090909090909091,16.272727272727273,0.09090909090909091,7.675324675324675,14.0,96.0,0.0,
Kimani Vidal,RB,Troy,23,181.0,2023.0,14.0,Other,0,0,0,1,0,,,,118.64285714285714,1.0,,,,22.5,1862.0,15.0,133.0,1.0714285714285714,5.911111111111111,42.14285714285714,0.3571428571428571,5.204006687076795,0.07432941462471664,10.0,,,,155.0,0.0,32.7,0,1,0,0,21.214285714285715,1.2857142857142858,14.357142857142858,0.07142857142857142,5.592592592592593,5.0,62.0,1.0,
Kylin Hill,RB,Mississippi St.,23,256.0,2020.0,3.0,SEC,0,0,0,0,1,,,,19.333333333333332,0.0,,,,12.666666666666666,295.0,1.0,98.33333333333333,0.3333333333333333,7.7631578947368425,-19.358974358974365,-0.5128205128205128,5.54907608489522,0.0625,8.0,,,,24.0,0.0,3.9000000000000004,0,1,0,0,5.0,7.666666666666667,79.0,0.3333333333333333,3.8666666666666667,1.0,5.0,0.0,
Kyren Williams,RB,Notre Dame,22,164.0,2021.0,12.0,Other,0,0,0,1,0,,,,83.5,1.1666666666666667,,,,20.5,1361.0,17.0,113.41666666666667,1.4166666666666667,5.532520325203252,-6.416666666666657,0.25,5.10594547390058,0.07808688094430304,10.0,,,,139.0,0.0,30.5,0,1,0,0,17.0,3.5,29.916666666666668,0.25,4.911764705882353,9.0,76.0,0.0,
La'Mical Perine,RB,Florida,22,120.0,2019.0,13.0,SEC,0,0,0,0,1,,,,52.0,0.46153846153846156,,,,13.23076923076923,938.0,11.0,72.15384615384616,0.8461538461538461,5.453488372093024,-4.461538461538453,0.23076923076923073,4.795790545596741,0.09128709291752768,10.0,,,,232.0,2.0,52.5,0,1,0,0,10.153846153846153,3.076923076923077,20.153846153846153,0.38461538461538464,5.121212121212121,11.0,63.0,0.0,
Larry Rountree,RB,Missouri,22,198.0,2020.0,10.0,SEC,0,0,0,0,1,,,,97.2,1.4,,,,22.4,1072.0,14.0,107.2,1.4,4.7857142857142865,32.28333333333333,0.6499999999999999,5.293304824724492,0.07106690545187015,12.0,,,,87.0,1.0,15.600000000000001,0,1,0,0,20.9,1.5,10.0,0.0,4.650717703349282,1.0,-1.0,0.0,
Leonard Fournette,RB,LSU,22,4.0,2016.0,7.0,SEC,0,0,0,0,1,,,,120.42857142857143,1.1428571428571428,,,,20.571428571428573,989.0,8.0,141.28571428571428,1.1428571428571428,6.868055555555555,-42.547619047619065,-0.773809523809524,1.6094379124341003,0.5,13.0,,,,1040.0,9.0,230.2,0,1,0,0,18.428571428571427,2.142857142857143,20.857142857142858,0.0,6.534883720930233,36.0,302.0,1.0,
Lew Nichols,RB,Central Michigan,22,235.0,2022.0,9.0,Other,0,0,0,1,0,,,,68.44444444444444,0.6666666666666666,,,,21.88888888888889,744.0,6.0,82.66666666666667,0.6666666666666666,3.776649746192893,-85.48717948717949,-0.717948717948718,5.4638318050256105,0.06523280730534423,,,,,,,0.0,0,1,0,0,19.555555555555557,2.3333333333333335,14.222222222222221,0.0,3.5,,,,
Malcolm Perry,RB,Navy,23,246.0,2019.0,13.0,Other,0,0,0,1,0,,,,155.15384615384616,1.6153846153846154,,,,22.692307692307693,2017.0,21.0,155.15384615384616,1.6153846153846154,6.83728813559322,58.69230769230769,1.0,5.5093883366279774,0.06375767130633382,,,,,,,0.0,0,1,0,0,22.692307692307693,0.0,0.0,0.0,6.83728813559322,,,,
MarShawn Lloyd,RB,USC,23,88.0,2023.0,11.0,Big Ten,0,0,1,0,0,,,,74.54545454545455,0.8181818181818182,,,,11.727272727272727,1052.0,9.0,95.63636363636364,0.8181818181818182,8.155038759689923,12.414141414141412,-0.4040404040404041,4.48863636973214,0.10660035817780521,1.0,,,,15.0,0.0,2.8,0,1,0,0,10.545454545454545,1.1818181818181819,21.09090909090909,0.0,7.068965517241379,1.0,3.0,0.0,
Marcus Murphy,RB,Missouri,23,230.0,2014.0,14.0,SEC,0,0,0,0,1,,,,66.0,0.2857142857142857,,,,14.642857142857142,1136.0,5.0,81.14285714285714,0.35714285714285715,5.541463414634146,32.57142857142857,-0.35714285714285715,5.442417710521793,0.0659380473395787,13.0,,,,0.0,0.0,0.0,0,1,0,0,12.642857142857142,2.0,15.142857142857142,0.07142857142857142,5.220338983050848,0.0,0.0,0.0,
Mark Walton,RB,Miami (FL),21,112.0,2017.0,5.0,ACC,1,0,0,0,0,,,,85.6,0.6,,,,12.6,519.0,3.0,103.8,0.6,8.238095238095237,-0.5846153846153896,-0.5538461538461538,4.727387818712341,0.0944911182523068,14.0,,,,34.0,0.0,12.5,0,1,0,0,11.2,1.4,18.2,0.0,7.642857142857143,5.0,41.0,0.0,
Marlon Mack,RB,South Florida,21,143.0,2016.0,12.0,Other,0,0,0,1,0,,,,98.91666666666667,1.25,,,,16.833333333333332,1414.0,15.0,117.83333333333333,1.25,7.0,-6.5,0.5,4.969813299576001,0.08362420100070908,14.0,,,,358.0,3.0,103.30000000000001,0,1,0,0,14.5,2.3333333333333335,18.916666666666668,0.0,6.82183908045977,21.0,225.0,1.0,
Matt Jones,RB,Florida,22,95.0,2014.0,11.0,SEC,0,0,0,0,1,,,,74.27272727272727,0.5454545454545454,,,,16.09090909090909,882.0,7.0,80.18181818181819,0.6363636363636364,4.983050847457627,7.38181818181819,0.23636363636363633,4.564348191467836,0.10259783520851541,13.0,,,,490.0,3.0,122.4,0,1,0,0,15.090909090909092,1.0,5.909090909090909,0.09090909090909091,4.921686746987952,19.0,304.0,1.0,
Matthew Dayes,RB,North Carolina St.,23,252.0,2016.0,13.0,ACC,1,0,0,0,0,,,,89.6923076923077,0.7692307692307693,,,,21.615384615384617,1433.0,10.0,110.23076923076923,0.7692307692307693,5.099644128113879,-19.394230769230774,-0.7307692307692307,5.53338948872752,0.0629940788348712,16.0,,,,13.0,0.0,8.2,0,1,0,0,19.153846153846153,2.4615384615384617,20.53846153846154,0.0,4.682730923694779,4.0,29.0,0.0,
Melvin Gordon,RB,Wisconsin,22,15.0,2014.0,14.0,Big Ten,0,0,1,0,0,,,,184.78571428571428,2.0714285714285716,,,,25.857142857142858,2740.0,32.0,195.71428571428572,2.2857142857142856,7.569060773480663,71.17582417582419,1.3626373626373625,2.772588722239781,0.2581988897471611,14.0,,,,641.0,0.0,116.30000000000001,0,1,0,0,24.5,1.3571428571428572,10.928571428571429,0.21428571428571427,7.542274052478134,33.0,192.0,0.0,
Michael Carter,RB,North Carolina,22,107.0,2020.0,11.0,ACC,1,0,0,0,0,,,,113.18181818181819,0.8181818181818182,,,,16.454545454545453,1512.0,11.0,137.45454545454547,1.0,8.353591160220995,48.45454545454547,0.6153846153846154,4.68213122712422,0.09667364890456635,14.0,,,,639.0,4.0,156.4,0,1,0,0,14.181818181818182,2.272727272727273,24.272727272727273,0.18181818181818182,7.980769230769231,36.0,325.0,0.0,
Mike Davis,RB,South Carolina,22,126.0,2014.0,13.0,SEC,0,0,0,0,1,,,,75.53846153846153,0.6923076923076923,,,,17.76923076923077,1350.0,11.0,103.84615384615384,0.8461538461538461,5.8441558441558445,-24.070512820512832,-0.07051282051282048,4.844187086458591,0.0890870806374748,6.0,,,,58.0,0.0,16.6,0,1,0,0,15.307692307692308,2.4615384615384617,28.307692307692307,0.15384615384615385,4.934673366834171,7.0,38.0,0.0,
Mike Weber,RB,Ohio St.,22,218.0,2018.0,13.0,Big Ten,0,0,1,0,0,,,,73.38461538461539,0.38461538461538464,,,,14.846153846153847,1066.0,6.0,82.0,0.46153846153846156,5.523316062176165,22.0,-0.3717948717948718,5.389071729816501,0.06772854614785964,,,,,,,0.0,0,1,0,0,13.23076923076923,1.6153846153846154,8.615384615384615,0.07692307692307693,5.546511627906977,,,,
Miles Sanders,RB,Penn St.,22,53.0,2018.0,13.0,Big Ten,0,0,1,0,0,,,,98.0,0.6923076923076923,,,,18.76923076923077,1413.0,9.0,108.6923076923077,0.6923076923076923,5.7909836065573765,90.27564102564102,0.5256410256410257,3.9889840465642745,0.13736056394868904,16.0,,,,818.0,3.0,218.70000000000002,0,1,0,0,16.923076923076923,1.8461538461538463,10.692307692307692,0.0,5.790909090909091,50.0,509.0,3.0,
Myles Gaskin,RB,Washington,22,234.0,2018.0,12.0,Big Ten,0,0,1,0,0,,,,105.66666666666667,1.0,,,,23.333333333333332,1345.0,13.0,112.08333333333333,1.0833333333333333,4.803571428571429,-11.916666666666671,-0.762820512820513,5.459585514144159,0.06537204504606134,7.0,,,,133.0,1.0,31.400000000000002,0,1,0,0,21.583333333333332,1.75,6.416666666666667,0.08333333333333333,4.895752895752896,7.0,51.0,0.0,
Najee Harris,RB,Alabama,23,24.0,2020.0,13.0,SEC,0,0,0,0,1,,,,112.76923076923077,2.0,,,,22.615384615384617,1891.0,30.0,145.46153846153845,2.3076923076923075,6.431972789115646,27.92307692307692,0.7692307692307689,3.2188758248682006,0.20412414523193154,17.0,,,,1200.0,7.0,300.7,0,1,0,0,19.307692307692307,3.3076923076923075,32.69230769230769,0.3076923076923077,5.840637450199203,74.0,467.0,3.0,
Nick Bawden,RB,San Diego St.,22,237.0,2017.0,12.0,Other,0,0,0,1,0,,,,0.0,0.0,,,,1.25,103.0,1.0,8.583333333333334,0.08333333333333333,6.866666666666667,-2.2628205128205128,0.08333333333333333,5.472270673671475,0.06495698024616309,,,,,,,0.0,0,1,0,0,0.0,1.25,8.583333333333334,0.08333333333333333,,,,,
Nick Chubb,RB,Georgia,22,35.0,2017.0,15.0,SEC,0,0,0,0,1,,,,89.66666666666667,1.0,,,,15.133333333333333,1375.0,15.0,91.66666666666667,1.0,6.057268722466961,-1.8717948717948616,0.3076923076923077,3.58351893845611,0.1690308509457033,16.0,,,,996.0,8.0,194.50000000000003,0,1,0,0,14.866666666666667,0.26666666666666666,2.0,0.0,6.031390134529148,20.0,149.0,2.0,
Nyheim Hines,RB,North Carolina St.,21,104.0,2017.0,13.0,ACC,1,0,0,0,0,,,,85.53846153846153,0.9230769230769231,,,,17.153846153846153,1264.0,12.0,97.23076923076923,0.9230769230769231,5.668161434977578,49.81410256410256,0.9230769230769231,4.653960350157523,0.09805806756909202,16.0,,,,314.0,2.0,160.9,0,1,0,0,15.153846153846153,2.0,11.692307692307692,0.0,5.644670050761421,63.0,425.0,2.0,
Paul Perkins,RB,UCLA,21,149.0,2015.0,13.0,Big Ten,0,0,1,0,0,,,,103.3076923076923,1.0769230769230769,,,,20.53846153846154,1585.0,15.0,121.92307692307692,1.1538461538461537,5.9363295880149805,-14.692307692307693,0.3076923076923076,5.0106352940962555,0.08192319205190406,14.0,,,,456.0,0.0,76.8,0,1,0,0,18.23076923076923,2.3076923076923075,18.615384615384617,0.07692307692307693,5.666666666666667,15.0,162.0,0.0,
Pierre Strong,RB,South Dakota St.,23,127.0,2021.0,11.0,Other,0,0,0,1,0,,,,12.545454545454545,0.18181818181818182,,,,5.2727272727272725,843.0,6.0,76.63636363636364,0.5454545454545454,14.53448275862069,1.836363636363643,-0.054545454545454564,4.852030263919617,0.08873565094161139,15.0,,,,100.0,1.0,27.2,0,1,0,0,0.9090909090909091,4.363636363636363,64.0909090909091,0.36363636363636365,13.8,7.0,42.0,0.0,
Qadree Ollison,RB,Pittsburgh,22,152.0,2018.0,14.0,ACC,1,0,0,0,0,,,,86.64285714285714,0.7857142857142857,,,,14.642857142857142,1279.0,11.0,91.35714285714286,0.7857142857142857,6.239024390243903,42.023809523809526,0.20238095238095233,5.030437921392435,0.08111071056538127,8.0,,,,50.0,4.0,30.7,0,1,0,0,13.857142857142858,0.7857142857142857,4.714285714285714,0.0,6.252577319587629,1.0,7.0,0.0,
Rachaad White,RB,Arizona St.,23,91.0,2021.0,11.0,Big 12,0,1,0,0,0,,,,91.45454545454545,1.3636363636363635,,,,20.454545454545453,1462.0,16.0,132.9090909090909,1.4545454545454546,6.497777777777778,-9.840909090909093,-0.045454545454545414,4.5217885770490405,0.10482848367219183,17.0,,,,481.0,1.0,145.1,0,1,0,0,16.545454545454547,3.909090909090909,41.45454545454545,0.09090909090909091,5.527472527472527,50.0,290.0,2.0,
Rashaad Penny,RB,San Diego St.,22,27.0,2017.0,13.0,Other,0,0,0,1,0,,,,172.92307692307693,1.7692307692307692,,,,23.692307692307693,2383.0,25.0,183.30769230769232,1.9230769230769231,7.737012987012987,94.59340659340661,0.9230769230769231,3.332204510175204,0.19245008972987526,14.0,,,,419.0,2.0,70.4,0,1,0,0,22.23076923076923,1.4615384615384615,10.384615384615385,0.15384615384615385,7.778546712802768,9.0,75.0,0.0,
Rasheen Ali,RB,Marshall,23,165.0,2023.0,12.0,Other,0,0,0,1,0,,,,94.58333333333333,1.25,,,,20.0,1348.0,16.0,112.33333333333333,1.3333333333333333,5.616666666666667,18.0,0.6666666666666666,5.111987788356544,0.0778498944161523,6.0,,,,31.0,0.0,3.1,0,1,0,0,17.666666666666668,2.3333333333333335,17.75,0.08333333333333333,5.35377358490566,0.0,0.0,0.0,
Ray Davis,RB,Kentucky,24,128.0,2023.0,13.0,SEC,0,0,0,0,1,,,,86.84615384615384,1.0769230769230769,,,,17.846153846153847,1452.0,21.0,111.6923076923077,1.6153846153846154,6.258620689655173,10.775641025641022,0.9487179487179488,4.859812404361672,0.08838834764831843,17.0,,,,442.0,3.0,116.10000000000001,0,1,0,0,15.307692307692308,2.5384615384615383,24.846153846153847,0.5384615384615384,5.673366834170854,17.0,189.0,3.0,
Raymond Calais,RB,Louisiana,22,245.0,2019.0,14.0,Other,0,0,0,1,0,,,,63.285714285714285,0.42857142857142855,,,,9.071428571428571,953.0,7.0,68.07142857142857,0.5,7.503937007874016,9.285714285714285,0.0,5.5053315359323625,0.06388765649999399,,,,,,,0.0,0,1,0,0,8.357142857142858,0.7142857142857143,4.785714285714286,0.07142857142857142,7.572649572649572,,,,
Rhamondre Stevenson,RB,Oklahoma,23,120.0,2020.0,6.0,SEC,0,0,0,0,1,,,,110.83333333333333,1.1666666666666667,,,,19.833333333333332,876.0,7.0,146.0,1.1666666666666667,7.361344537815126,99.6923076923077,0.7051282051282052,4.795790545596741,0.09128709291752768,12.0,,,,606.0,5.0,116.89999999999999,0,1,0,0,16.833333333333332,3.0,35.166666666666664,0.0,6.584158415841584,14.0,123.0,0.0,
Rodney Anderson,RB,Oklahoma,22,211.0,2018.0,2.0,SEC,0,0,0,0,1,,,,59.5,1.5,,,,5.5,119.0,3.0,59.5,1.5,10.818181818181818,-43.5,0.2142857142857142,5.356586274672012,0.06884283908215143,,,,,,,0.0,0,1,0,0,5.5,0.0,0.0,0.0,10.818181818181818,,,,
Ronald Jones II,RB,USC,21,38.0,2017.0,13.0,Big Ten,0,0,1,0,0,,,,119.23076923076923,1.4615384615384615,,,,21.153846153846153,1737.0,20.0,133.6153846153846,1.5384615384615385,6.316363636363636,44.53846153846153,0.5384615384615385,3.6635616461296463,0.16222142113076254,9.0,,,,44.0,1.0,20.7,0,1,0,0,20.076923076923077,1.0769230769230769,14.384615384615385,0.07692307692307693,5.938697318007663,7.0,33.0,0.0,
Roschon Johnson,RB,Texas,22,115.0,2022.0,12.0,SEC,0,0,0,0,1,,,,46.166666666666664,0.4166666666666667,,,,8.916666666666666,682.0,6.0,56.833333333333336,0.5,6.3738317757009355,2.5,0.08333333333333331,4.7535901911063645,0.09325048082403138,15.0,,,,352.0,2.0,102.10000000000001,0,1,0,0,7.75,1.1666666666666667,10.666666666666666,0.08333333333333333,5.956989247311828,34.0,209.0,0.0,
Royce Freeman,RB,Oregon,22,71.0,2017.0,12.0,Big Ten,0,0,1,0,0,,,,122.91666666666667,1.3333333333333333,,,,21.5,1639.0,16.0,136.58333333333334,1.3333333333333333,6.352713178294574,37.58333333333334,0.4242424242424242,4.276666119016055,0.11867816581938533,14.0,,,,521.0,5.0,103.3,0,1,0,0,20.333333333333332,1.1666666666666667,13.666666666666666,0.0,6.045081967213115,14.0,72.0,0.0,
Ryquell Armstead,RB,Temple,22,140.0,2018.0,10.0,Other,0,0,0,1,0,,,,109.8,1.3,,,,21.8,1150.0,13.0,115.0,1.3,5.275229357798165,62.76923076923077,0.9153846153846155,4.948759890378168,0.08451542547285165,16.0,,,,108.0,0.0,51.2,0,1,0,0,21.0,0.8,5.2,0.0,5.228571428571429,14.0,144.0,2.0,
Samaje Perine,RB,Oklahoma,21,114.0,2016.0,10.0,SEC,0,0,0,0,1,,,,106.0,1.2,,,,20.6,1166.0,13.0,116.6,1.3,5.660194174757281,4.599999999999994,-0.007692307692307665,4.74493212836325,0.0936585811581694,16.0,,,,603.0,1.0,112.50000000000001,0,1,0,0,19.6,1.0,10.6,0.1,5.408163265306122,22.0,182.0,1.0,
Saquon Barkley,RB,Penn St.,21,2.0,2017.0,13.0,Big Ten,0,0,1,0,0,,,,97.76923076923077,1.3846153846153846,,,,20.846153846153847,1903.0,21.0,146.3846153846154,1.6153846153846154,7.022140221402214,10.813186813186803,0.04395604395604402,1.0986122886681098,0.7071067811865475,16.0,,,,1307.0,11.0,383.80000000000007,0,1,0,0,16.692307692307693,4.153846153846154,48.61538461538461,0.23076923076923078,5.857142857142857,91.0,721.0,4.0,
Snoop Conner,RB,Mississippi,22,154.0,2021.0,13.0,SEC,0,0,0,0,1,,,,49.76923076923077,1.0,,,,11.076923076923077,729.0,13.0,56.07692307692308,1.0,5.0625,5.676923076923082,0.19999999999999996,5.043425116919247,0.08058229640253803,8.0,,,,42.0,1.0,10.2,0,1,0,0,10.0,1.0769230769230769,6.3076923076923075,0.0,4.976923076923077,0.0,0.0,0.0,
Sony Michel,RB,Georgia,23,31.0,2017.0,14.0,SEC,0,0,0,0,1,,,,87.64285714285714,1.1428571428571428,,,,11.785714285714286,1323.0,17.0,94.5,1.2142857142857142,8.018181818181818,12.083333333333329,0.7976190476190474,3.4657359027997265,0.1796053020267749,13.0,,,,931.0,6.0,141.10000000000002,0,1,0,0,11.142857142857142,0.6428571428571429,6.857142857142857,0.07142857142857142,7.865384615384615,7.0,50.0,0.0,
T.J. Logan,RB,North Carolina,23,179.0,2016.0,13.0,ACC,1,0,0,0,0,,,,50.0,0.5384615384615384,,,,11.461538461538462,894.0,10.0,68.76923076923077,0.7692307692307693,6.0,29.41208791208792,0.3406593406593407,5.19295685089021,0.07474350927519359,,,,,,,0.0,0,1,0,0,9.23076923076923,2.230769230769231,18.76923076923077,0.23076923076923078,5.416666666666667,,,,
T.J. Yeldon,RB,Alabama,21,36.0,2014.0,13.0,SEC,0,0,0,0,1,,,,75.3076923076923,0.8461538461538461,,,,16.076923076923077,1159.0,12.0,89.15384615384616,0.9230769230769231,5.545454545454546,-29.01282051282051,-0.2435897435897436,3.6109179126442243,0.16666666666666666,12.0,,,,740.0,2.0,155.9,0,1,0,0,14.923076923076923,1.1538461538461537,13.846153846153847,0.07692307692307693,5.046391752577319,36.0,279.0,1.0,
Tank Bigsby,RB,Auburn,22,88.0,2022.0,12.0,SEC,0,0,0,0,1,,,,80.83333333333333,0.8333333333333334,,,,17.416666666666668,1150.0,10.0,95.83333333333333,0.8333333333333334,5.502392344497608,-3.089743589743591,0.0641025641025641,4.48863636973214,0.10660035817780521,17.0,,,,132.0,2.0,26.800000000000004,0,1,0,0,14.916666666666666,2.5,15.0,0.0,5.418994413407821,1.0,6.0,0.0,
Tarik Cohen,RB,North Carolina A&T,22,119.0,2016.0,7.0,Other,0,0,0,1,0,,,,0.0,0.0,,,,2.2857142857142856,309.0,4.0,44.142857142857146,0.5714285714285714,19.3125,-9.07142857142857,0.0,4.787491742782046,0.09166984970282113,16.0,,,,370.0,2.0,143.3,0,1,0,0,0.0,2.2857142857142856,44.142857142857146,0.5714285714285714,,53.0,353.0,1.0,
Tevin Coleman,RB,Indiana,22,73.0,2014.0,12.0,Big Ten,0,0,1,0,0,,,,169.66666666666666,1.25,,,,24.583333333333332,2177.0,15.0,181.41666666666666,1.25,7.379661016949153,53.52777777777777,-0.08333333333333326,4.30406509320417,0.11704114719613057,12.0,,,,392.0,1.0,48.6,0,1,0,0,22.5,2.0833333333333335,11.75,0.0,7.54074074074074,2.0,14.0,0.0,
Todd Gurley,RB,Georgia,21,10.0,2014.0,6.0,SEC,0,0,0,0,1,,,,151.83333333333334,1.5,,,,22.5,968.0,9.0,161.33333333333334,1.5,7.170370370370371,18.333333333333343,-0.10000000000000009,2.3978952727983707,0.31622776601683794,13.0,,,,1106.0,10.0,210.40000000000003,0,1,0,0,20.5,2.0,9.5,0.0,7.40650406504065,21.0,188.0,0.0,
Tony Pollard,RB,Memphis,22,128.0,2018.0,14.0,Other,0,0,0,1,0,,,,39.42857142857143,0.42857142857142855,,,,8.357142857142858,1010.0,9.0,72.14285714285714,0.6428571428571429,8.632478632478632,13.219780219780219,0.18131868131868134,4.859812404361672,0.08838834764831843,15.0,,,,455.0,2.0,89.2,0,1,0,0,5.571428571428571,2.7857142857142856,32.714285714285715,0.21428571428571427,7.076923076923077,15.0,107.0,1.0,
Travis Etienne,RB,Clemson,22,25.0,2020.0,12.0,ACC,1,0,0,0,0,,,,76.16666666666667,1.1666666666666667,,,,18.0,1502.0,16.0,125.16666666666667,1.3333333333333333,6.953703703703703,-11.233333333333334,-0.20000000000000018,3.258096538021482,0.2,17.0,,,,1125.0,5.0,209.1,0,1,0,0,14.0,4.0,49.0,0.16666666666666666,5.440476190476191,35.0,316.0,0.0,
Travis Homer,RB,Miami (FL),21,204.0,2018.0,13.0,ACC,1,0,0,0,0,,,,75.76923076923077,0.3076923076923077,,,,14.076923076923077,1171.0,4.0,90.07692307692308,0.3076923076923077,6.398907103825137,-1.0769230769230802,-0.3846153846153846,5.3230099791384085,0.07001400420140048,16.0,,,,114.0,0.0,28.0,0,1,0,0,12.615384615384615,1.4615384615384615,14.307692307692308,0.0,6.0060975609756095,11.0,56.0,0.0,
Trayveon Williams,RB,Texas A&M,21,182.0,2018.0,13.0,SEC,0,0,0,0,1,,,,135.3846153846154,1.3846153846153846,,,,22.923076923076923,2038.0,19.0,156.76923076923077,1.4615384615384615,6.8389261744966445,74.26923076923077,0.7948717948717948,5.209486152841421,0.07412493166611012,11.0,,,,0.0,0.0,0.0,0,1,0,0,20.846153846153847,2.076923076923077,21.384615384615383,0.07692307692307693,6.4944649446494465,0.0,0.0,0.0,
Trenton Cannon,RB,Virginia St.,24,204.0,2017.0,12.0,Other,0,0,0,1,0,,,,-8.083333333333334,0.16666666666666666,,,,2.5,-97.0,2.0,-8.083333333333334,0.16666666666666666,-3.233333333333333,9.916666666666666,0.16666666666666666,5.3230099791384085,0.07001400420140048,16.0,,,,113.0,1.0,48.699999999999996,0,1,0,0,2.5,0.0,0.0,0.0,-3.2333333333333334,17.0,144.0,0.0,
Trestan Ebner,RB,Baylor,23,203.0,2021.0,14.0,Big 12,0,1,0,0,0,,,,57.07142857142857,0.14285714285714285,,,,12.571428571428571,1083.0,4.0,77.35714285714286,0.2857142857142857,6.153409090909092,32.24603174603175,-0.15873015873015872,5.318119993844216,0.07018624063435965,17.0,,,,54.0,0.0,8.200000000000001,0,1,0,0,10.571428571428571,2.0,20.285714285714285,0.14285714285714285,5.398648648648648,2.0,8.0,0.0,
Trey Benson,RB,Florida St.,21,66.0,2023.0,13.0,ACC,1,0,0,0,0,,,,69.6923076923077,1.0769230769230769,,,,13.538461538461538,1133.0,15.0,87.15384615384616,1.1538461538461537,6.4375,-0.07692307692306599,0.46153846153846145,4.204692619390966,0.12309149097933272,13.0,,,,291.0,1.0,47.0,0,1,0,0,12.0,1.5384615384615385,17.46153846153846,0.07692307692307693,5.8076923076923075,6.0,59.0,0.0,
Trey Sermon,RB,Ohio St.,22,88.0,2020.0,8.0,Big Ten,0,0,1,0,0,,,,108.75,0.5,,,,16.0,965.0,4.0,120.625,0.5,7.5390625,69.95833333333334,-0.05555555555555558,4.48863636973214,0.10660035817780521,9.0,,,,167.0,1.0,28.3,0,1,0,0,14.5,1.5,11.875,0.0,7.5,3.0,26.0,0.0,
Ty Chandler,RB,North Carolina,24,169.0,2021.0,13.0,ACC,1,0,0,0,0,,,,84.0,1.0,,,,15.153846153846153,1308.0,14.0,100.61538461538461,1.0769230769230769,6.6395939086294415,43.91538461538461,0.6769230769230768,5.135798437050262,0.07692307692307693,3.0,,,,20.0,0.0,2.0,0,1,0,0,14.0,1.1538461538461537,16.615384615384617,0.07692307692307693,6.0,0.0,0.0,0.0,
Ty Johnson,RB,Maryland,21,186.0,2018.0,9.0,Big Ten,0,0,1,0,0,,,,56.22222222222222,0.3333333333333333,,,,8.0,528.0,3.0,58.666666666666664,0.3333333333333333,7.333333333333333,-19.250000000000007,-0.16666666666666669,5.231108616854587,0.07332355751067665,16.0,,,,273.0,0.0,62.199999999999996,0,1,0,0,7.333333333333333,0.6666666666666666,2.4444444444444446,0.0,7.666666666666667,24.0,109.0,0.0,
Tyjae Spears,RB,Tulane,22,81.0,2022.0,14.0,Other,0,0,0,1,0,,,,112.92857142857143,1.3571428571428572,,,,17.928571428571427,1837.0,21.0,131.21428571428572,1.5,7.318725099601594,47.21428571428572,0.75,4.406719247264253,0.1111111111111111,17.0,,,,453.0,2.0,153.8,0,1,0,0,16.357142857142858,1.5714285714285714,18.285714285714285,0.14285714285714285,6.903930131004367,52.0,385.0,1.0,
Tyler Allgeier,RB,BYU,22,151.0,2021.0,13.0,Big 12,0,1,0,0,0,,,,123.53846153846153,1.7692307692307692,,,,23.384615384615383,1805.0,23.0,138.84615384615384,1.7692307692307692,5.9375,20.300699300699293,0.5874125874125873,5.0238805208462765,0.08137884587711594,16.0,,,,1035.0,3.0,157.4,0,1,0,0,21.23076923076923,2.1538461538461537,15.307692307692308,0.0,5.818840579710145,16.0,139.0,1.0,
Tyler Badie,RB,Missouri,22,196.0,2021.0,12.0,SEC,0,0,0,0,1,,,,133.66666666666666,1.1666666666666667,,,,26.833333333333332,1934.0,18.0,161.16666666666666,1.5,6.006211180124224,103.66666666666666,0.9,5.2832037287379885,0.07142857142857142,1.0,,,,0.0,0.0,9.4,0,1,0,0,22.333333333333332,4.5,27.5,0.3333333333333333,5.985074626865671,1.0,24.0,1.0,
Tyler Ervin,RB,San Jose St.,22,119.0,2015.0,13.0,Other,0,0,0,1,0,,,,123.15384615384616,1.0,,,,26.076923076923077,1935.0,15.0,148.84615384615384,1.1538461538461537,5.707964601769912,49.34615384615384,0.737179487179487,4.787491742782046,0.09166984970282113,,,,,,,0.0,0,1,0,0,22.615384615384617,3.4615384615384617,25.692307692307693,0.15384615384615385,5.445578231292517,,,,
Tyrion Davis-Price,RB,LSU,21,93.0,2021.0,12.0,SEC,0,0,0,0,1,,,,83.58333333333333,0.5,,,,18.416666666666668,1067.0,6.0,88.91666666666667,0.5,4.828054298642534,34.13888888888889,0.16666666666666669,4.543294782270004,0.10369516947304253,6.0,,,,99.0,0.0,9.9,0,1,0,0,17.583333333333332,0.8333333333333334,5.333333333333333,0.0,4.753554502369668,0.0,0.0,0.0,
Tyrone Tracy Jr.,RB,Purdue,24,166.0,2023.0,11.0,Big Ten,0,0,1,0,0,,,,65.0909090909091,0.7272727272727273,,,,12.0,848.0,8.0,77.0909090909091,0.7272727272727273,6.424242424242425,53.09090909090909,0.7272727272727273,5.117993812416755,0.07761505257063328,17.0,,,,839.0,5.0,186.3,0,1,0,0,10.272727272727273,1.7272727272727273,12.0,0.0,6.336283185840708,38.0,284.0,1.0,
Wayne Gallman,RB,Clemson,22,140.0,2016.0,15.0,ACC,1,0,0,0,0,,,,75.53333333333333,1.1333333333333333,,,,16.8,1285.0,17.0,85.66666666666667,1.1333333333333333,5.09920634920635,-38.61904761904762,0.1333333333333333,4.948759890378168,0.08451542547285165,13.0,,,,476.0,0.0,106.89999999999999,0,1,0,0,15.466666666666667,1.3333333333333333,10.133333333333333,0.0,4.883620689655173,34.0,193.0,1.0,
Wendell Smallwood,RB,West Virginia,22,153.0,2015.0,13.0,Big 12,0,1,0,0,0,,,,116.84615384615384,0.6923076923076923,,,,20.307692307692307,1679.0,9.0,129.15384615384616,0.6923076923076923,6.359848484848485,48.53846153846155,0.5384615384615384,5.0369526024136295,0.08084520834544433,13.0,,,,312.0,1.0,48.7,0,1,0,0,18.307692307692307,2.0,12.307692307692308,0.0,6.382352941176471,6.0,55.0,0.0,
Will Shipley,RB,Clemson,22,127.0,2023.0,12.0,ACC,1,0,0,0,0,,,,68.91666666666667,0.4166666666666667,,,,16.5,1071.0,7.0,89.25,0.5833333333333334,5.409090909090909,-12.464285714285708,-0.488095238095238,4.852030263919617,0.08873565094161139,16.0,,,,82.0,0.0,15.700000000000001,0,1,0,0,13.916666666666666,2.5833333333333335,20.333333333333332,0.16666666666666666,4.952095808383233,4.0,35.0,0.0,
Zac Brooks,RB,Clemson,23,247.0,2015.0,14.0,ACC,1,0,0,0,0,,,,16.714285714285715,0.21428571428571427,,,,3.5714285714285716,347.0,5.0,24.785714285714285,0.35714285714285715,6.9399999999999995,-11.769841269841272,0.023809523809523836,5.5134287461649825,0.06362847629757777,,,,,,,0.0,0,1,0,0,2.9285714285714284,0.6428571428571429,8.071428571428571,0.14285714285714285,5.7073170731707314,,,,
Zach Charbonnet,RB,UCLA,22,52.0,2022.0,10.0,Big Ten,0,0,1,0,0,,,,135.9,1.4,,,,23.2,1680.0,14.0,168.0,1.4,7.241379310344828,56.83333333333333,0.31666666666666665,3.970291913552122,0.1386750490563073,16.0,,,,462.0,1.0,106.10000000000001,0,1,0,0,19.5,3.7,32.1,0.0,6.969230769230769,33.0,209.0,0.0,
Zach Evans,RB,Mississippi,22,215.0,2022.0,12.0,SEC,0,0,0,0,1,,,,78.0,0.75,,,,13.0,1055.0,10.0,87.91666666666667,0.8333333333333334,6.762820512820514,-41.749999999999986,-0.16666666666666663,5.375278407684165,0.06819943394704735,10.0,,,,19.0,0.0,1.9000000000000001,0,1,0,0,12.0,1.0,9.916666666666666,0.08333333333333333,6.5,0.0,0.0,0.0,
Zack Moss,RB,Utah,22,86.0,2019.0,13.0,Big 12,0,1,0,0,0,,,,108.92307692307692,1.1538461538461537,,,,20.23076923076923,1804.0,17.0,138.76923076923077,1.3076923076923077,6.859315589353613,11.435897435897445,-0.02564102564102555,4.465908118654584,0.10783277320343841,13.0,,,,481.0,4.0,101.6,0,1,0,0,18.076923076923077,2.1538461538461537,29.846153846153847,0.15384615384615385,6.025531914893617,14.0,95.0,1.0,
Zamir White,RB,Georgia,22,122.0,2021.0,15.0,SEC,0,0,0,0,1,,,,57.06666666666667,0.7333333333333333,,,,11.266666666666667,931.0,11.0,62.06666666666667,0.7333333333333333,5.50887573964497,-19.533333333333324,-0.3666666666666668,4.812184355372417,0.09053574604251853,14.0,,,,70.0,0.0,7.0,0,1,0,0,10.666666666666666,0.6,5.0,0.0,5.35,0.0,0.0,0.0,
Zander Horvath,RB,Purdue,23,260.0,2021.0,8.0,Big Ten,0,0,1,0,0,,,,40.0,0.375,,,,13.5,428.0,3.0,53.5,0.375,3.962962962962963,-70.83333333333333,0.041666666666666685,5.564520407322694,0.062017367294604234,,,,,,,0.0,0,1,0,0,11.375,2.125,13.5,0.0,3.5164835164835164,,,,
A.J. Brown,WR,Mississippi,22,51.0,2018.0,12.0,SEC,0,0,0,0,1,,,,0.0,0.0,,,,7.083333333333333,1320.0,6.0,110.0,0.5,15.529411764705884,5.666666666666671,-0.41666666666666663,3.9512437185814275,0.14002800840280097,16.0,,,,,,205.10000000000002,0,0,1,0,,7.083333333333333,110.0,0.5,,52.0,1051.0,8.0,15.529411764705882
A.T. Perry,WR,Wake Forest,23,195.0,2022.0,13.0,ACC,1,0,0,0,0,,,,0.0,0.0,,,,6.230769230769231,1096.0,11.0,84.3076923076923,0.8461538461538461,13.530864197530864,-8.049450549450555,-0.22527472527472525,5.278114659230517,0.0716114874039433,10.0,,,,,,60.6,0,0,1,0,,6.230769230769231,84.3076923076923,0.8461538461538461,,12.0,246.0,4.0,13.530864197530864
Aaron Burbridge,WR,Michigan St.,22,213.0,2015.0,14.0,Big Ten,0,0,1,0,0,,,,3.142857142857143,0.0,,,,6.714285714285714,1302.0,7.0,93.0,0.5,13.851063829787234,62.46153846153846,0.4230769230769231,5.365976015021851,0.06851887098275317,16.0,,,,,,15.8,0,0,1,0,,6.071428571428571,89.85714285714286,0.5,,7.0,88.0,0.0,14.8
Adonai Mitchell,WR,Texas,21,52.0,2023.0,14.0,SEC,0,0,0,0,1,,,,0.07142857142857142,0.0,,,,4.071428571428571,846.0,11.0,60.42857142857143,0.7857142857142857,14.842105263157896,38.0952380952381,0.2857142857142857,3.970291913552122,0.1386750490563073,17.0,,,,,,54.2,0,0,1,0,,3.9285714285714284,60.357142857142854,0.7857142857142857,,23.0,312.0,0.0,15.363636363636363
Ainias Smith,WR,Texas A&M,23,152.0,2023.0,12.0,SEC,0,0,0,0,1,,,,1.75,0.0,,,,4.833333333333333,816.0,2.0,68.0,0.16666666666666666,14.06896551724138,-7.5,-0.33333333333333337,5.030437921392435,0.08111071056538127,7.0,,,,,,17.1,0,0,1,0,,4.416666666666667,66.25,0.16666666666666666,,7.0,41.0,1.0,15.0
Alec Pierce,WR,Cincinnati,22,53.0,2021.0,14.0,Big 12,0,1,0,0,0,,,,0.0,0.0,,,,3.7142857142857144,884.0,7.0,63.142857142857146,0.5,17.0,10.642857142857146,0.0,3.9889840465642745,0.13736056394868904,16.0,,,,,,112.30000000000001,0,0,1,0,,3.7142857142857144,63.142857142857146,0.5,,41.0,593.0,2.0,17.0
Amara Darboh,WR,Michigan,23,106.0,2016.0,13.0,Big Ten,0,0,1,0,0,,,,0.0,0.0,,,,4.384615384615385,862.0,7.0,66.3076923076923,0.5384615384615384,15.12280701754386,10.230769230769226,0.1538461538461538,4.672828834461906,0.09712858623572641,16.0,,,,,,15.100000000000001,0,0,1,0,,4.384615384615385,66.3076923076923,0.5384615384615384,,8.0,71.0,0.0,15.12280701754386
Amari Cooper,WR,Alabama,21,4.0,2014.0,14.0,SEC,0,0,0,0,1,,,,1.6428571428571428,0.0,,,,9.214285714285714,1750.0,16.0,125.0,1.1428571428571428,13.565891472868218,55.54545454545455,0.7792207792207791,1.6094379124341003,0.5,16.0,,,,,,215.0,0,0,1,0,,8.857142857142858,123.35714285714286,1.1428571428571428,,72.0,1070.0,6.0,13.92741935483871
Amari Rodgers,WR,Clemson,21,85.0,2020.0,12.0,ACC,1,0,0,0,0,,,,0.0,0.0,,,,6.416666666666667,1020.0,7.0,85.0,0.5833333333333334,13.246753246753245,51.0,0.22619047619047622,4.454347296253507,0.10846522890932808,16.0,,,,,,8.5,0,0,1,0,,6.416666666666667,85.0,0.5833333333333334,,4.0,45.0,0.0,13.246753246753247
Amon-Ra St. Brown,WR,USC,21,112.0,2020.0,6.0,Big Ten,0,0,1,0,0,,,,0.0,0.0,,,,6.833333333333333,478.0,7.0,79.66666666666667,1.1666666666666667,11.658536585365853,-5.102564102564102,0.6282051282051283,4.727387818712341,0.0944911182523068,17.0,,,,,,211.2,0,0,1,0,,6.833333333333333,79.66666666666667,1.1666666666666667,,90.0,912.0,5.0,11.658536585365853
Andrei Iosivas,WR,Princeton,23,206.0,2022.0,12.0,Other,0,0,0,1,0,,,,0.0,0.0,,,,8.916666666666666,1171.0,6.0,97.58333333333333,0.5,10.94392523364486,20.275641025641022,0.11538461538461536,5.332718793265369,0.06967330142916177,16.0,,,,,,50.6,0,0,1,0,,8.916666666666666,97.58333333333333,0.5,,15.0,116.0,4.0,10.94392523364486
Andy Isabella,WR,Massachusetts,22,62.0,2018.0,12.0,Other,0,0,0,1,0,,,,6.583333333333333,0.08333333333333333,,,,9.416666666666666,1777.0,14.0,148.08333333333334,1.1666666666666667,15.72566371681416,51.83333333333334,0.2500000000000001,4.143134726391533,0.1270001270001905,15.0,,,,,,33.900000000000006,0,0,1,0,,8.5,141.5,1.0833333333333333,,9.0,189.0,1.0,16.647058823529413
Anthony Gould,WR,Oregon St.,23,142.0,2023.0,11.0,Other,0,0,0,1,0,,,,2.0,0.0,,,,4.363636363636363,740.0,2.0,67.27272727272727,0.18181818181818182,15.416666666666668,20.47272727272727,-0.11818181818181817,4.962844630259907,0.08391813582966891,8.0,,,,,,3.3000000000000003,0,0,1,0,,4.0,65.27272727272727,0.18181818181818182,,1.0,23.0,0.0,16.318181818181817
Anthony Miller,WR,Memphis,23,51.0,2017.0,13.0,Other,0,0,0,1,0,,,,1.9230769230769231,0.0,,,,8.153846153846153,1487.0,18.0,114.38461538461539,1.3846153846153846,14.028301886792454,-1.2307692307692264,0.23076923076923084,3.9512437185814275,0.14002800840280097,15.0,,,,,,117.30000000000001,0,0,1,0,,7.384615384615385,112.46153846153847,1.3846153846153846,,33.0,423.0,7.0,15.229166666666666
Anthony Schwartz,WR,Auburn,21,91.0,2020.0,10.0,SEC,0,0,0,0,1,,,,-0.6,0.0,,,,5.8,630.0,3.0,63.0,0.3,10.862068965517242,20.07692307692308,0.0692307692307692,4.5217885770490405,0.10482848367219183,14.0,,,,,,29.5,0,0,1,0,,5.4,63.6,0.3,,10.0,135.0,1.0,11.777777777777779
Antoine Green,WR,North Carolina,23,219.0,2022.0,9.0,ACC,1,0,0,0,0,,,,0.0,0.0,,,,4.777777777777778,798.0,7.0,88.66666666666667,0.7777777777777778,18.558139534883722,41.58974358974359,0.39316239316239315,5.393627546352362,0.06757373783994859,9.0,,,,,,1.2,0,0,1,0,,4.777777777777778,88.66666666666667,0.7777777777777778,,1.0,2.0,0.0,18.558139534883722
Antonio Callaway,WR,Florida,21,105.0,2016.0,12.0,SEC,0,0,0,0,1,,,,2.6666666666666665,0.08333333333333333,,,,4.916666666666667,753.0,4.0,62.75,0.3333333333333333,12.76271186440678,12.964285714285715,0.047619047619047616,4.663439094112067,0.09759000729485333,16.0,,,,,,131.6,0,0,1,0,,4.5,60.083333333333336,0.25,,43.0,586.0,5.0,13.351851851851851
Antonio Gandy-Golden,WR,Liberty,22,142.0,2019.0,13.0,Other,0,0,0,1,0,,,,0.0,0.0,,,,6.076923076923077,1396.0,10.0,107.38461538461539,0.7692307692307693,17.67088607594937,13.11188811188812,-0.1398601398601398,4.962844630259907,0.08391813582966891,6.0,,,,,,1.3,0,0,1,0,,6.076923076923077,107.38461538461539,0.7692307692307693,,1.0,3.0,0.0,17.670886075949365
ArDarius Stewart,WR,Alabama,23,79.0,2016.0,12.0,SEC,0,0,0,0,1,,,,5.666666666666667,0.0,,,,5.166666666666667,932.0,8.0,77.66666666666667,0.6666666666666666,15.032258064516128,30.06666666666667,0.39999999999999997,4.382026634673881,0.1125087900926024,,,,,,,0.0,0,0,1,0,,4.5,72.0,0.6666666666666666,,,,,16.0
Auden Tate,WR,Florida St.,21,253.0,2017.0,12.0,ACC,1,0,0,0,0,,,,0.0,0.0,,,,3.3333333333333335,548.0,10.0,45.666666666666664,0.8333333333333334,13.700000000000001,11.583333333333329,0.33333333333333337,5.537334267018537,0.06286946134619315,7.0,,,,,,7.5,0,0,1,0,,3.3333333333333335,45.666666666666664,0.8333333333333334,,4.0,35.0,0.0,13.7
Austin Proehl,WR,North Carolina,22,255.0,2017.0,6.0,ACC,1,0,0,0,0,,,,0.0,0.0,,,,3.5,337.0,1.0,56.166666666666664,0.16666666666666666,16.047619047619047,10.243589743589745,-0.06410256410256412,5.545177444479562,0.06262242910851495,,,,,,,0.0,0,0,1,0,,3.5,56.166666666666664,0.16666666666666666,,,,,16.047619047619047
Ben Skowronek,WR,Notre Dame,24,249.0,2020.0,11.0,Other,0,0,0,1,0,,,,1.5454545454545454,0.09090909090909091,,,,2.8181818181818183,456.0,6.0,41.45454545454545,0.5454545454545454,14.709677419354836,-5.545454545454547,0.5454545454545454,5.521460917862246,0.06337242505244779,14.0,,,,,,24.3,0,0,1,0,,2.6363636363636362,39.90909090909091,0.45454545454545453,,11.0,133.0,0.0,15.137931034482758
Bo Melton,WR,Rutgers,23,229.0,2021.0,11.0,Big Ten,0,0,1,0,0,,,,4.636363636363637,0.0,,,,5.818181818181818,669.0,3.0,60.81818181818182,0.2727272727272727,10.453125,-17.737373737373737,-0.6161616161616161,5.438079308923196,0.06608186004550898,5.0,,,,,,43.8,0,0,1,0,,5.0,56.18181818181818,0.2727272727272727,,16.0,218.0,1.0,11.236363636363636
Brandon Aiyuk,WR,Arizona St.,22,25.0,2019.0,12.0,Big 12,0,1,0,0,0,,,,0.5,0.0,,,,5.5,1198.0,8.0,99.83333333333333,0.6666666666666666,18.151515151515152,63.37179487179487,0.43589743589743585,3.258096538021482,0.2,12.0,,,,,,164.8,0,0,1,0,,5.416666666666667,99.33333333333333,0.6666666666666666,,60.0,748.0,5.0,18.338461538461537
Braxton Berrios,WR,Miami (FL),22,210.0,2017.0,13.0,ACC,1,0,0,0,0,,,,0.0,0.0,,,,4.230769230769231,679.0,9.0,52.23076923076923,0.6923076923076923,12.345454545454546,38.53846153846154,0.5384615384615384,5.351858133476067,0.06900655593423542,16.0,,,,,,17.5,0,0,1,0,,4.230769230769231,52.23076923076923,0.6923076923076923,,6.0,115.0,0.0,12.345454545454546
Brenden Rice,WR,USC,22,225.0,2023.0,12.0,Big Ten,0,0,1,0,0,,,,0.0,0.0,,,,3.75,791.0,12.0,65.91666666666667,1.0,17.57777777777778,22.273809523809526,0.7142857142857143,5.420534999272286,0.06666666666666667,,,,,,,0.0,0,0,1,0,,3.75,65.91666666666667,1.0,,,,,17.57777777777778
Breshad Perriman,WR,Central Florida,21,26.0,2014.0,13.0,Big 12,0,1,0,0,0,,,,0.0,0.0,,,,3.923076923076923,1044.0,9.0,80.3076923076923,0.6923076923076923,20.47058823529412,12.724358974358978,0.358974358974359,3.295836866004329,0.19611613513818404,16.0,,,,,,100.9,0,0,1,0,,3.8461538461538463,80.3076923076923,0.6923076923076923,,33.0,499.0,3.0,20.88
Brian Thomas,WR,LSU,21,23.0,2023.0,13.0,SEC,0,0,0,0,1,,,,-0.46153846153846156,0.0,,,,5.3076923076923075,1171.0,17.0,90.07692307692308,1.3076923076923077,16.971014492753625,62.30769230769231,0.9230769230769231,3.1780538303479458,0.20851441405707477,17.0,,,,,,275.20000000000005,0,0,1,0,,5.230769230769231,90.53846153846153,1.3076923076923077,,87.0,1282.0,10.0,17.308823529411764
Bryan Edwards,WR,South Carolina,21,81.0,2019.0,10.0,SEC,0,0,0,0,1,,,,2.2,0.0,,,,7.3,838.0,6.0,83.8,0.6,11.479452054794521,18.723076923076917,0.06153846153846154,4.406719247264253,0.1111111111111111,12.0,,,,,,36.3,0,0,1,0,,7.1,81.6,0.6,,11.0,193.0,1.0,11.492957746478874
Bub Means,WR,Pittsburgh,23,170.0,2023.0,12.0,ACC,1,0,0,0,0,,,,0.0,0.0,,,,3.4166666666666665,721.0,6.0,60.083333333333336,0.5,17.585365853658537,28.46794871794872,0.34615384615384615,5.14166355650266,0.07669649888473704,7.0,,,,,,26.8,0,0,1,0,,3.4166666666666665,60.083333333333336,0.5,,9.0,118.0,1.0,17.585365853658537
Calvin Austin III,WR,Memphis,23,138.0,2021.0,12.0,Other,0,0,0,1,0,,,,5.75,0.08333333333333333,,,,6.25,1218.0,9.0,101.5,0.75,16.24,4.5,-0.25,4.9344739331306915,0.08512565307587486,17.0,,,,,,41.0,0,0,1,0,,6.166666666666667,95.75,0.6666666666666666,,17.0,180.0,1.0,15.527027027027026
Calvin Ridley,WR,Alabama,23,26.0,2017.0,14.0,SEC,0,0,0,0,1,,,,1.2142857142857142,0.0,,,,4.642857142857143,984.0,5.0,70.28571428571429,0.35714285714285715,15.138461538461538,17.619047619047628,-0.17619047619047618,3.295836866004329,0.19611613513818404,16.0,,,,,,206.10000000000002,0,0,1,0,,4.5,69.07142857142857,0.35714285714285715,,64.0,821.0,10.0,15.34920634920635
Carlos Henderson,WR,Louisiana Tech,22,82.0,2016.0,13.0,Other,0,0,0,1,0,,,,10.23076923076923,0.15384615384615385,,,,7.384615384615385,1668.0,21.0,128.30769230769232,1.6153846153846154,17.375,53.034965034965055,1.1608391608391608,4.418840607796598,0.11043152607484653,,,,,,,0.0,0,0,1,0,,6.3076923076923075,118.07692307692308,1.4615384615384615,,,,,18.71951219512195
Casey Washington,WR,Illinois,23,187.0,2023.0,12.0,Big Ten,0,0,1,0,0,,,,0.0,0.0,,,,4.083333333333333,670.0,4.0,55.833333333333336,0.3333333333333333,13.673469387755103,32.294871794871796,0.3333333333333333,5.236441962829949,0.07312724241271307,8.0,,,,,,2.4000000000000004,0,0,1,0,,4.083333333333333,55.833333333333336,0.3333333333333333,,1.0,14.0,0.0,13.673469387755102
Cedric Tillman,WR,Tennessee,23,74.0,2022.0,6.0,SEC,0,0,0,0,1,,,,0.0,0.0,,,,6.166666666666667,417.0,3.0,69.5,0.5,11.270270270270268,-13.65384615384616,-0.42307692307692313,4.31748811353631,0.11624763874381928,14.0,,,,,,43.400000000000006,0,0,1,0,,6.166666666666667,69.5,0.5,,21.0,224.0,0.0,11.27027027027027
CeeDee Lamb,WR,Oklahoma,21,17.0,2019.0,13.0,SEC,0,0,0,0,1,,,,1.5384615384615385,0.07692307692307693,,,,5.461538461538462,1347.0,15.0,103.61538461538461,1.1538461538461537,18.971830985915492,20.901098901098905,0.36813186813186805,2.8903717578961645,0.24253562503633297,16.0,,,,,,197.5,0,0,1,0,,4.769230769230769,102.07692307692308,1.0769230769230769,,74.0,935.0,5.0,21.403225806451612
Chad Hansen,WR,California,22,141.0,2016.0,10.0,Other,0,0,0,1,0,,,,0.0,0.0,,,,9.2,1249.0,11.0,124.9,1.1,13.57608695652174,100.0,1.0,4.955827057601261,0.0842151921066519,15.0,,,,,,18.4,0,0,1,0,,9.2,124.9,1.1,,9.0,94.0,0.0,13.576086956521738
Chad Williams,WR,Grambling St.,22,98.0,2016.0,12.0,Other,0,0,0,1,0,,,,16.0,0.16666666666666666,,,,8.916666666666666,1348.0,10.0,112.33333333333333,0.8333333333333334,12.598130841121495,30.69047619047619,0.04761904761904767,4.59511985013459,0.10101525445522107,6.0,,,,,,6.1,0,0,1,0,,7.25,96.33333333333333,0.6666666666666666,,3.0,31.0,0.0,13.28735632183908
Charlie Jones,WR,Purdue,24,131.0,2022.0,13.0,Big Ten,0,0,1,0,0,,,,0.23076923076923078,0.0,,,,8.615384615384615,1364.0,12.0,104.92307692307692,0.9230769230769231,12.178571428571429,81.28021978021978,0.7087912087912088,4.882801922586371,0.0873704056661038,11.0,,,,,,13.4,0,0,1,0,,8.461538461538462,104.6923076923077,0.9230769230769231,,7.0,64.0,0.0,12.372727272727273
Charone Peake,WR,Clemson,23,241.0,2015.0,15.0,ACC,1,0,0,0,0,,,,0.0,0.0,,,,3.3333333333333335,716.0,5.0,47.733333333333334,0.3333333333333333,14.319999999999999,29.304761904761907,0.047619047619047616,5.488937726156687,0.06441566264008308,15.0,,,,,,37.6,0,0,1,0,,3.3333333333333335,47.733333333333334,0.3333333333333333,,19.0,186.0,0.0,14.32
Chase Claypool,WR,Notre Dame,22,49.0,2019.0,13.0,Other,0,0,0,1,0,,,,0.0,0.0,,,,5.076923076923077,1037.0,13.0,79.76923076923077,1.0,15.712121212121215,30.61538461538462,0.6923076923076923,3.912023005428146,0.14285714285714285,16.0,,,,,,203.3,0,0,1,0,,5.076923076923077,79.76923076923077,1.0,,62.0,873.0,9.0,15.712121212121213
Chris Conley,WR,Georgia,22,76.0,2014.0,13.0,SEC,0,0,0,0,1,,,,0.0,0.0,,,,2.769230769230769,657.0,8.0,50.53846153846154,0.6153846153846154,18.25,-8.64335664335664,0.2517482517482518,4.343805421853684,0.11470786693528087,16.0,,,,,,42.900000000000006,0,0,1,0,,2.769230769230769,50.53846153846154,0.6153846153846154,,17.0,199.0,1.0,18.25
Chris Godwin,WR,Penn St.,21,84.0,2016.0,14.0,Big Ten,0,0,1,0,0,,,,0.9285714285714286,0.0,,,,4.285714285714286,995.0,11.0,71.07142857142857,0.7857142857142857,16.583333333333336,-13.620879120879124,0.40109890109890106,4.442651256490317,0.1091089451179962,16.0,,,,,,92.5,0,0,1,0,,4.214285714285714,70.14285714285714,0.7857142857142857,,34.0,525.0,1.0,16.64406779661017
Chris Moore,WR,Cincinnati,23,107.0,2015.0,12.0,Big 12,0,1,0,0,0,,,,0.8333333333333334,0.0,,,,3.5,880.0,7.0,73.33333333333333,0.5833333333333334,20.952380952380953,21.564102564102562,-0.03205128205128205,4.68213122712422,0.09667364890456635,15.0,,,,,,11.600000000000001,0,0,1,0,,3.3333333333333335,72.5,0.5833333333333334,,7.0,46.0,0.0,21.75
Chris Olave,WR,Ohio St.,22,11.0,2021.0,12.0,Big Ten,0,0,1,0,0,,,,0.0,0.0,,,,5.416666666666667,936.0,13.0,78.0,1.0833333333333333,14.399999999999999,-26.14285714285714,0.08333333333333326,2.4849066497880004,0.30151134457776363,15.0,,,,,,200.2,0,0,1,0,,5.416666666666667,78.0,1.0833333333333333,,72.0,1042.0,4.0,14.4
Christian Kirk,WR,Texas A&M,21,47.0,2017.0,13.0,SEC,0,0,0,0,1,,,,2.3846153846153846,0.0,,,,5.769230769230769,950.0,10.0,73.07692307692308,0.7692307692307693,12.666666666666666,-1.0,0.07692307692307698,3.871201010907891,0.14586499149789456,12.0,,,,,,120.0,0,0,1,0,,5.461538461538462,70.6923076923077,0.7692307692307693,,43.0,590.0,3.0,12.943661971830986
Cody Core,WR,Mississippi,22,199.0,2015.0,13.0,SEC,0,0,0,0,1,,,,0.07692307692307693,0.0,,,,2.923076923076923,645.0,4.0,49.61538461538461,0.3076923076923077,16.973684210526315,0.0769230769230731,-0.15384615384615385,5.298317366548036,0.07088812050083358,8.0,,,,,,37.0,0,0,1,0,,2.8461538461538463,49.53846153846154,0.3076923076923077,,17.0,200.0,0.0,17.405405405405407
Collin Johnson,WR,Texas,22,165.0,2019.0,7.0,SEC,0,0,0,0,1,,,,0.0,0.0,,,,5.428571428571429,559.0,3.0,79.85714285714286,0.42857142857142855,14.710526315789474,4.087912087912088,-0.10989010989010989,5.111987788356544,0.0778498944161523,14.0,,,,,,57.2,0,0,1,0,,5.428571428571429,79.85714285714286,0.42857142857142855,,18.0,272.0,2.0,14.710526315789474
Corey Coleman,WR,Baylor,22,15.0,2015.0,12.0,Big 12,0,1,0,0,0,,,,9.25,0.0,,,,8.0,1474.0,20.0,122.83333333333333,1.6666666666666667,15.354166666666666,5.633333333333326,0.4666666666666668,2.772588722239781,0.2581988897471611,10.0,,,,,,92.30000000000001,0,0,1,0,,6.166666666666667,113.58333333333333,1.6666666666666667,,33.0,413.0,3.0,18.41891891891892
Corey Davis,WR,Western Michigan,22,5.0,2016.0,14.0,Other,0,0,0,1,0,,,,0.0,0.0,,,,7.0,1500.0,19.0,107.14285714285714,1.3571428571428572,15.306122448979592,-4.164835164835168,0.4340659340659341,1.791759469228055,0.4472135954999579,11.0,,,,,,71.5,0,0,1,0,,6.928571428571429,107.14285714285714,1.3571428571428572,,34.0,375.0,0.0,15.463917525773196
Cornelius Johnson,WR,Michigan,23,253.0,2023.0,15.0,Big Ten,0,0,1,0,0,,,,2.6666666666666665,0.0,,,,3.3333333333333335,644.0,1.0,42.93333333333333,0.06666666666666667,12.879999999999999,7.290476190476184,-0.3619047619047619,5.537334267018537,0.06286946134619315,,,,,,,0.0,0,0,1,0,,3.1333333333333333,40.266666666666666,0.06666666666666667,,,,,12.851063829787234
Cornell Powell,WR,Clemson,23,181.0,2020.0,12.0,ACC,1,0,0,0,0,,,,0.0,0.0,,,,4.416666666666667,882.0,7.0,73.5,0.5833333333333334,16.641509433962263,65.36666666666667,0.45000000000000007,5.204006687076795,0.07432941462471664,,,,,,,0.0,0,0,1,0,,4.416666666666667,73.5,0.5833333333333334,,,,,16.641509433962263
Courtland Sutton,WR,SMU,22,40.0,2017.0,13.0,ACC,1,0,0,0,0,,,,0.15384615384615385,0.07692307692307693,,,,5.3076923076923075,1087.0,13.0,83.61538461538461,1.0,15.753623188405799,-20.217948717948715,0.16666666666666663,3.713572066704308,0.15811388300841897,16.0,,,,,,136.4,0,0,1,0,,5.230769230769231,83.46153846153847,0.9230769230769231,,42.0,704.0,4.0,15.955882352941176
D'Wayne Eskridge,WR,Western Michigan,24,56.0,2020.0,6.0,Other,0,0,0,1,0,,,,4.5,0.0,,,,5.833333333333333,811.0,8.0,135.16666666666666,1.3333333333333333,23.171428571428574,116.91666666666666,1.3333333333333333,4.04305126783455,0.1336306209562122,10.0,,,,,,22.4,0,0,1,0,,5.666666666666667,130.66666666666666,1.3333333333333333,,10.0,64.0,1.0,23.058823529411764
D.J. Moore,WR,Maryland,21,24.0,2017.0,12.0,Big Ten,0,0,1,0,0,,,,5.083333333333333,0.08333333333333333,,,,7.083333333333333,1094.0,9.0,91.16666666666667,0.75,12.87058823529412,37.93589743589744,0.28846153846153844,3.2188758248682006,0.20412414523193154,16.0,,,,,,145.8,0,0,1,0,,6.666666666666667,86.08333333333333,0.6666666666666666,,55.0,788.0,2.0,12.9125
D.K. Metcalf,WR,Mississippi,21,64.0,2018.0,7.0,SEC,0,0,0,0,1,,,,0.0,0.0,,,,3.7142857142857144,569.0,5.0,81.28571428571429,0.7142857142857143,21.884615384615383,27.452380952380956,0.13095238095238093,4.174387269895637,0.125,16.0,,,,,,190.0,0,0,1,0,,3.7142857142857144,81.28571428571429,0.7142857142857143,,58.0,900.0,7.0,21.884615384615383
DJ Chark,WR,LSU,21,61.0,2017.0,13.0,SEC,0,0,0,0,1,,,,4.846153846153846,0.07692307692307693,,,,4.0,937.0,4.0,72.07692307692308,0.3076923076923077,18.01923076923077,23.07692307692308,-0.10897435897435898,4.127134385045092,0.12803687993289598,11.0,,,,,,31.400000000000002,0,0,1,0,,3.076923076923077,67.23076923076923,0.23076923076923078,,14.0,174.0,0.0,21.85
Da'Ron Brown,WR,Northern Illinois,23,233.0,2014.0,14.0,Other,0,0,0,1,0,,,,0.0,0.0,,,,0.0,0.0,0.0,0.0,0.0,,-66.41666666666667,-0.75,5.455321115357702,0.06551217820804184,,,,,,,0.0,0,0,1,0,,0.0,0.0,0.0,,,,,
DaeSean Hamilton,WR,Penn St.,23,113.0,2017.0,13.0,Big Ten,0,0,1,0,0,,,,0.15384615384615385,0.0,,,,4.153846153846154,859.0,9.0,66.07692307692308,0.6923076923076923,15.907407407407407,30.791208791208796,0.6208791208791209,4.736198448394496,0.09407208683835973,14.0,,,,,,66.3,0,0,1,0,,4.076923076923077,65.92307692307692,0.6923076923076923,,30.0,243.0,2.0,16.169811320754718
Damion Ratley,WR,Texas A&M,23,175.0,2017.0,13.0,SEC,0,0,0,0,1,,,,0.0,0.0,,,,2.3076923076923075,694.0,6.0,53.38461538461539,0.46153846153846156,23.133333333333333,51.02097902097902,0.46153846153846156,5.170483995038151,0.07559289460184544,13.0,,,,,,27.4,0,0,1,0,,2.3076923076923075,53.38461538461539,0.46153846153846156,,13.0,144.0,0.0,23.133333333333333
Daniel Braverman,WR,Western Michigan,22,230.0,2015.0,13.0,Other,0,0,0,1,0,,,,1.0,0.0,,,,8.538461538461538,1390.0,13.0,106.92307692307692,1.0,12.522522522522523,25.76923076923076,0.46153846153846156,5.442417710521793,0.0659380473395787,3.0,,,,,,0.0,0,0,1,0,,8.384615384615385,105.92307692307692,1.0,,0.0,0.0,0.0,12.63302752293578
Danny Gray,WR,SMU,23,105.0,2021.0,10.0,ACC,1,0,0,0,0,,,,4.0,0.0,,,,5.2,843.0,9.0,84.3,0.9,16.21153846153846,24.549999999999997,0.15000000000000002,4.663439094112067,0.09759000729485333,,,,,,,0.0,0,0,1,0,,4.9,80.3,0.9,,,,,16.387755102040817
Dante Pettis,WR,Washington,22,44.0,2017.0,13.0,Big Ten,0,0,1,0,0,,,,3.8461538461538463,0.0,,,,5.076923076923077,811.0,7.0,62.38461538461539,0.5384615384615384,12.287878787878789,3.6703296703296715,-0.532967032967033,3.8066624897703196,0.15075567228888181,12.0,,,,,,103.7,0,0,1,0,,4.846153846153846,58.53846153846154,0.5384615384615384,,27.0,467.0,5.0,12.079365079365079
Dareke Young,WR,Lenoir-Rhyne,23,233.0,2021.0,11.0,Other,0,0,0,1,0,,,,4.636363636363637,0.0,,,,5.818181818181818,669.0,3.0,60.81818181818182,0.2727272727272727,10.453125,-17.737373737373737,-0.6161616161616161,5.455321115357702,0.06551217820804184,13.0,,,,,,4.4,0,0,1,0,,5.0,56.18181818181818,0.2727272727272727,,2.0,24.0,0.0,11.236363636363636
Darius Slayton,WR,Auburn,22,171.0,2018.0,12.0,SEC,0,0,0,0,1,,,,0.0,0.0,,,,2.9166666666666665,670.0,5.0,55.833333333333336,0.4166666666666667,19.142857142857142,6.371794871794876,0.03205128205128205,5.147494476813453,0.07647191129018725,14.0,,,,,,170.0,0,0,1,0,,2.9166666666666665,55.833333333333336,0.4166666666666667,,48.0,740.0,8.0,19.142857142857142
Darnell Mooney,WR,Tulane,22,173.0,2019.0,13.0,Other,0,0,0,1,0,,,,0.0,0.0,,,,3.6923076923076925,713.0,5.0,54.84615384615385,0.38461538461538464,14.854166666666666,-21.999999999999993,-0.23076923076923078,5.159055299214529,0.07602859212697055,16.0,,,,,,148.1,0,0,1,0,,3.6923076923076925,54.84615384615385,0.38461538461538464,,61.0,631.0,4.0,14.854166666666666
Darren Waller,WR,Georgia Tech,22,204.0,2014.0,12.0,ACC,1,0,0,0,0,,,,0.0,0.0,,,,2.1666666666666665,442.0,6.0,36.833333333333336,0.5,17.0,-3.944444444444443,0.16666666666666669,5.3230099791384085,0.07001400420140048,6.0,,,,,,3.8,0,0,1,0,,2.1666666666666665,36.833333333333336,0.5,,2.0,18.0,0.0,17.0
Daurice Fountain,WR,Northern Iowa,22,159.0,2017.0,8.0,Other,0,0,0,1,0,,,,0.0,0.0,,,,4.375,504.0,5.0,63.0,0.625,14.4,19.92307692307692,0.16346153846153844,5.075173815233827,0.07930515857181442,1.0,,,,,,0.0,0,0,1,0,,4.375,63.0,0.625,,0.0,0.0,0.0,14.4
David Bell,WR,Purdue,21,99.0,2021.0,11.0,Big Ten,0,0,1,0,0,,,,3.5454545454545454,0.0,,,,8.727272727272727,1325.0,6.0,120.45454545454545,0.5454545454545454,13.802083333333336,16.287878787878782,-0.7878787878787878,4.605170185988092,0.10050378152592121,16.0,,,,,,45.400000000000006,0,0,1,0,,8.454545454545455,116.9090909090909,0.5454545454545454,,24.0,214.0,0.0,13.827956989247312
David Moore,WR,East Central (OK),22,226.0,2016.0,13.0,Other,0,0,0,1,0,,,,0.0,0.0,,,,4.846153846153846,754.0,9.0,58.0,0.6923076923076923,11.968253968253968,-6.36363636363636,0.32867132867132864,5.424950017481403,0.06651901052377393,1.0,,,,,,0.0,0,0,1,0,,4.846153846153846,58.0,0.6923076923076923,,0.0,0.0,0.0,11.968253968253968
Dax Milne,WR,BYU,22,258.0,2020.0,12.0,Big 12,0,1,0,0,0,,,,5.583333333333333,0.0,,,,6.75,1255.0,8.0,104.58333333333333,0.6666666666666666,15.493827160493828,81.42948717948718,0.5128205128205128,5.556828061699537,0.062257280636469035,13.0,,,,,,17.3,0,0,1,0,,5.833333333333333,99.0,0.6666666666666666,,9.0,83.0,0.0,16.97142857142857
Dazz Newsome,WR,North Carolina,22,221.0,2020.0,12.0,ACC,1,0,0,0,0,,,,1.75,0.08333333333333333,,,,4.666666666666667,705.0,7.0,58.75,0.5833333333333334,12.589285714285714,-26.83333333333333,-0.25,5.402677381872279,0.06726727939963124,3.0,,,,,,4.300000000000001,0,0,1,0,,4.5,57.0,0.5,,2.0,23.0,0.0,12.666666666666666
DeAndre Smelter,WR,Georgia Tech,23,132.0,2014.0,12.0,ACC,1,0,0,0,0,,,,8.583333333333334,0.08333333333333333,,,,3.1666666666666665,818.0,8.0,68.16666666666667,0.6666666666666666,21.526315789473685,38.41666666666667,0.3333333333333333,4.890349128221754,0.08703882797784893,2.0,,,,,,3.3000000000000003,0,0,1,0,,2.9166666666666665,59.583333333333336,0.5833333333333334,,1.0,23.0,0.0,20.428571428571427
DeAngelo Yancey,WR,Purdue,22,175.0,2016.0,12.0,Big Ten,0,0,1,0,0,,,,0.0,0.0,,,,4.083333333333333,951.0,10.0,79.25,0.8333333333333334,19.408163265306126,20.916666666666664,0.4166666666666667,5.170483995038151,0.07559289460184544,,,,,,,0.0,0,0,1,0,,4.083333333333333,79.25,0.8333333333333334,,,,,19.408163265306122
DeVante Parker,WR,Louisville,22,14.0,2014.0,7.0,ACC,1,0,0,0,0,,,,0.0,0.0,,,,6.142857142857143,855.0,5.0,122.14285714285714,0.7142857142857143,19.883720930232556,48.39285714285714,-0.2857142857142857,2.70805020110221,0.2672612419124244,14.0,,,,,,93.4,0,0,1,0,,6.142857142857143,122.14285714285714,0.7142857142857143,,26.0,494.0,3.0,19.88372093023256
DeVonta Smith,WR,Alabama,22,10.0,2020.0,13.0,SEC,0,0,0,0,1,,,,0.46153846153846156,0.07692307692307693,,,,9.307692307692308,1862.0,24.0,143.23076923076923,1.8461538461538463,15.388429752066115,46.61538461538461,0.7692307692307694,2.3978952727983707,0.31622776601683794,17.0,,,,,,185.60000000000002,0,0,1,0,,9.0,142.76923076923077,1.7692307692307692,,64.0,916.0,5.0,15.863247863247864
Dede Westbrook,WR,Oklahoma,23,110.0,2016.0,13.0,SEC,0,0,0,0,1,,,,7.769230769230769,0.0,,,,6.923076923076923,1625.0,17.0,125.0,1.3076923076923077,18.055555555555554,66.53846153846155,1.0,4.709530201312334,0.09534625892455924,7.0,,,,,,66.9,0,0,1,0,,6.153846153846154,117.23076923076923,1.3076923076923077,,27.0,339.0,1.0,19.05
Deebo Samuel,WR,South Carolina,23,36.0,2018.0,12.0,SEC,0,0,0,0,1,,,,2.1666666666666665,0.0,,,,5.833333333333333,908.0,11.0,75.66666666666667,0.9166666666666666,12.971428571428573,-17.666666666666657,-0.41666666666666663,3.6109179126442243,0.16666666666666666,15.0,,,,,,155.2,0,0,1,0,,5.166666666666667,73.5,0.9166666666666666,,57.0,802.0,3.0,14.225806451612904
Demarcus Ayers,WR,Houston,22,229.0,2015.0,14.0,Big 12,0,1,0,0,0,,,,10.5,0.07142857142857142,,,,8.785714285714286,1369.0,7.0,97.78571428571429,0.5,11.130081300813007,71.70879120879121,0.34615384615384615,5.438079308923196,0.06608186004550898,2.0,,,,,,17.3,0,0,1,0,,7.0,87.28571428571429,0.42857142857142855,,6.0,53.0,1.0,12.46938775510204
Demarcus Robinson,WR,Florida,21,126.0,2015.0,13.0,SEC,0,0,0,0,1,,,,0.07692307692307693,0.0,,,,3.769230769230769,523.0,2.0,40.23076923076923,0.15384615384615385,10.673469387755102,-28.435897435897438,-0.4294871794871795,4.844187086458591,0.0890870806374748,16.0,,,,,,0.0,0,0,1,0,,3.6923076923076925,40.15384615384615,0.15384615384615385,,0.0,0.0,0.0,10.875
Demario Douglas,WR,Liberty,22,210.0,2022.0,13.0,Other,0,0,0,1,0,,,,8.076923076923077,0.07692307692307693,,,,6.461538461538462,1098.0,7.0,84.46153846153847,0.5384615384615384,13.071428571428571,25.87820512820513,0.038461538461538436,5.351858133476067,0.06900655593423542,14.0,,,,,,105.1,0,0,1,0,,6.076923076923077,76.38461538461539,0.46153846153846156,,49.0,561.0,0.0,12.569620253164556
Denzel Mims,WR,Baylor,22,59.0,2019.0,14.0,Big 12,0,1,0,0,0,,,,0.0,0.0,,,,4.714285714285714,1020.0,12.0,72.85714285714286,0.8571428571428571,15.454545454545453,6.69047619047619,0.19047619047619047,4.0943445622221,0.13018891098082389,9.0,,,,,,58.7,0,0,1,0,,4.714285714285714,72.85714285714286,0.8571428571428571,,23.0,357.0,0.0,15.454545454545455
Deon Cain,WR,Clemson,22,185.0,2017.0,14.0,ACC,1,0,0,0,0,,,,0.0,0.0,,,,4.142857142857143,734.0,6.0,52.42857142857143,0.42857142857142855,12.655172413793101,4.161904761904765,-0.17142857142857143,5.225746673713202,0.07352146220938077,13.0,,,,,,21.4,0,0,1,0,,4.142857142857143,52.42857142857143,0.42857142857142855,,9.0,124.0,0.0,12.655172413793103
Derius Davis,WR,TCU,22,125.0,2022.0,14.0,Big 12,0,1,0,0,0,,,,2.142857142857143,0.07142857142857142,,,,3.2142857142857144,561.0,6.0,40.07142857142857,0.42857142857142855,12.466666666666667,-6.595238095238095,0.26190476190476186,4.836281906951478,0.08944271909999159,17.0,,,,,,21.6,0,0,1,0,,3.0,37.92857142857143,0.35714285714285715,,15.0,66.0,0.0,12.642857142857142
Devaughn Vele,WR,Utah,26,235.0,2023.0,10.0,Big 12,0,1,0,0,0,,,,0.0,0.0,,,,4.3,593.0,3.0,59.3,0.3,13.790697674418604,9.942857142857143,-0.05714285714285716,5.4638318050256105,0.06523280730534423,13.0,,,,,,106.5,0,0,1,0,,4.3,59.3,0.3,,41.0,475.0,3.0,13.790697674418604
Devin Duvernay,WR,Texas,22,92.0,2019.0,13.0,SEC,0,0,0,0,1,,,,1.8461538461538463,0.07692307692307693,,,,8.923076923076923,1410.0,10.0,108.46153846153847,0.7692307692307693,12.155172413793103,68.74725274725276,0.4835164835164836,4.532599493153256,0.10425720702853739,16.0,,,,,,40.1,0,0,1,0,,8.153846153846153,106.61538461538461,0.6923076923076923,,20.0,201.0,0.0,13.075471698113208
Devin Fuller,WR,UCLA,22,238.0,2015.0,11.0,Big Ten,0,0,1,0,0,,,,0.0,0.0,,,,2.1818181818181817,259.0,3.0,23.545454545454547,0.2727272727272727,10.791666666666668,-10.685314685314687,0.19580419580419578,5.476463551931511,0.06482037235521644,,,,,,,0.0,0,0,1,0,,2.1818181818181817,23.545454545454547,0.2727272727272727,,,,,10.791666666666666
Devin Lucien,WR,Arizona St.,23,225.0,2015.0,13.0,Big 12,0,1,0,0,0,,,,0.0,0.0,,,,5.076923076923077,1075.0,8.0,82.6923076923077,0.6153846153846154,16.28787878787879,62.769230769230774,0.46153846153846156,5.420534999272286,0.06666666666666667,,,,,,,0.0,0,0,1,0,,5.076923076923077,82.6923076923077,0.6153846153846154,,,,,16.28787878787879
Devin Smith,WR,Ohio St.,23,37.0,2014.0,15.0,Big Ten,0,0,1,0,0,,,,0.0,0.0,,,,2.2,931.0,12.0,62.06666666666667,0.8,28.212121212121207,14.923809523809524,0.22857142857142865,3.6375861597263857,0.1643989873053573,10.0,,,,,,26.5,0,0,1,0,,2.2,62.06666666666667,0.8,,9.0,115.0,1.0,28.21212121212121
Devontez Walker,WR,North Carolina,23,113.0,2023.0,8.0,ACC,1,0,0,0,0,,,,2.875,0.0,,,,5.5,722.0,7.0,90.25,0.875,16.40909090909091,11.083333333333329,-0.125,4.736198448394496,0.09407208683835973,9.0,,,,,,9.1,0,0,1,0,,5.125,87.375,0.875,,1.0,21.0,1.0,17.048780487804876
Dez Fitzpatrick,WR,Louisville,23,109.0,2020.0,11.0,ACC,1,0,0,0,0,,,,0.0,0.0,,,,3.909090909090909,833.0,3.0,75.72727272727273,0.2727272727272727,19.372093023255815,26.881118881118887,-0.18881118881118886,4.700480365792417,0.09578262852211514,4.0,,,,,,15.9,0,0,1,0,,3.909090909090909,75.72727272727273,0.2727272727272727,,5.0,49.0,1.0,19.372093023255815
Dezmin Lewis,WR,Central Arkansas,22,234.0,2014.0,14.0,Other,0,0,0,1,0,,,,0.0,0.0,,,,0.0,0.0,0.0,0.0,0.0,,-66.41666666666667,-0.75,5.459585514144159,0.06537204504606134,,,,,,,0.0,0,0,1,0,,0.0,0.0,0.0,,,,,
Dezmon Patmon,WR,Washington St.,22,212.0,2019.0,13.0,Other,0,0,0,1,0,,,,0.0,0.0,,,,4.461538461538462,762.0,8.0,58.61538461538461,0.6153846153846154,13.137931034482758,-4.153846153846153,0.23076923076923078,5.3612921657094255,0.06868028197434452,1.0,,,,,,0.0,0,0,1,0,,4.461538461538462,58.61538461538461,0.6153846153846154,,0.0,0.0,0.0,13.137931034482758
Dillon Mitchell,WR,Oregon,22,239.0,2018.0,13.0,Big Ten,0,0,1,0,0,,,,0.38461538461538464,0.0,,,,5.846153846153846,1189.0,10.0,91.46153846153847,0.7692307692307693,15.644736842105264,47.87820512820513,0.43589743589743596,5.480638923341991,0.06468462273531508,,,,,,,0.0,0,0,1,0,,5.769230769230769,91.07692307692308,0.7692307692307693,,,,,15.786666666666667
Diontae Johnson,WR,Toledo,23,66.0,2018.0,13.0,Other,0,0,0,1,0,,,,1.3076923076923077,0.0,,,,3.923076923076923,778.0,8.0,59.84615384615385,0.6153846153846154,15.254901960784313,-32.082417582417584,-0.3131868131868132,4.204692619390966,0.12309149097933272,16.0,,,,,,157.0,0,0,1,0,,3.769230769230769,58.53846153846154,0.6153846153846154,,59.0,680.0,5.0,15.53061224489796
Donovan Peoples-Jones,WR,Michigan,21,187.0,2019.0,11.0,Big Ten,0,0,1,0,0,,,,-0.6363636363636364,0.0,,,,3.272727272727273,431.0,6.0,39.18181818181818,0.5454545454545454,11.972222222222221,-10.74125874125874,-0.06993006993007,5.236441962829949,0.07312724241271307,12.0,,,,,,56.400000000000006,0,0,1,0,,3.090909090909091,39.81818181818182,0.5454545454545454,,14.0,304.0,2.0,12.882352941176471
Dontayvion Wicks,WR,Virginia,22,159.0,2022.0,8.0,ACC,1,0,0,0,0,,,,0.0,0.0,,,,3.75,430.0,2.0,53.75,0.25,14.333333333333334,-46.5,-0.5,5.075173815233827,0.07930515857181442,15.0,,,,,,121.1,0,0,1,0,,3.75,53.75,0.25,,39.0,581.0,4.0,14.333333333333334
Dorial Green-Beckham,WR,Oklahoma,22,40.0,2013.0,14.0,SEC,0,0,0,0,1,,,,0.21428571428571427,0.0,,,,4.285714285714286,886.0,12.0,63.285714285714285,0.8571428571428571,14.766666666666667,25.922077922077918,0.40259740259740256,3.713572066704308,0.15811388300841897,16.0,,,,,,110.9,0,0,1,0,,4.214285714285714,63.07142857142857,0.8571428571428571,,32.0,549.0,4.0,14.966101694915254
Drake London,WR,USC,21,8.0,2021.0,8.0,Big Ten,0,0,1,0,0,,,,0.25,0.0,,,,11.125,1086.0,7.0,135.75,0.875,12.202247191011235,52.08333333333333,0.375,2.1972245773362196,0.35355339059327373,17.0,,,,,,182.60000000000002,0,0,1,0,,11.0,135.5,0.875,,72.0,866.0,4.0,12.318181818181818
Dyami Brown,WR,North Carolina,21,82.0,2020.0,11.0,ACC,1,0,0,0,0,,,,0.0,0.0,,,,5.0,1099.0,8.0,99.9090909090909,0.7272727272727273,19.981818181818184,20.216783216783213,-0.19580419580419584,4.418840607796598,0.11043152607484653,15.0,,,,,,28.5,0,0,1,0,,5.0,99.9090909090909,0.7272727272727273,,12.0,165.0,0.0,19.98181818181818
Dylan Cantrell,WR,Texas Tech,24,191.0,2017.0,13.0,Big 12,0,1,0,0,0,,,,0.23076923076923078,0.07692307692307693,,,,5.538461538461538,819.0,8.0,63.0,0.6153846153846154,11.375,-4.5,-0.18461538461538463,5.2574953720277815,0.07235746052924216,,,,,,,0.0,0,0,1,0,,5.461538461538462,62.76923076923077,0.5384615384615384,,,,,11.492957746478874
Elijah Higgins,WR,Stanford,22,197.0,2022.0,12.0,Other,0,0,0,1,0,,,,4.0,0.0,,,,5.25,752.0,2.0,62.666666666666664,0.16666666666666666,11.936507936507937,12.666666666666664,-0.23333333333333336,5.288267030694535,0.07124704998790965,11.0,,,,,,36.3,0,0,1,0,,4.916666666666667,58.666666666666664,0.16666666666666666,,14.0,163.0,1.0,11.932203389830509
Elijah Moore,WR,Mississippi,21,34.0,2020.0,8.0,SEC,0,0,0,0,1,,,,8.0,0.0,,,,12.5,1257.0,8.0,157.125,1.0,12.57,86.375,0.5,3.5553480614894135,0.17149858514250882,11.0,,,,,,126.80000000000001,0,0,1,0,,10.75,149.125,1.0,,43.0,538.0,5.0,13.872093023255815
Equanimeous St. Brown,WR,Notre Dame,21,207.0,2017.0,13.0,Other,0,0,0,1,0,,,,0.0,0.0,,,,2.5384615384615383,515.0,4.0,39.61538461538461,0.3076923076923077,15.606060606060607,-40.467948717948715,-0.4423076923076923,5.337538079701318,0.06950480468569159,12.0,,,,,,53.800000000000004,0,0,1,0,,2.5384615384615383,39.61538461538461,0.3076923076923077,,21.0,328.0,0.0,15.606060606060606
Erik Ezukanma,WR,Texas Tech,22,125.0,2021.0,11.0,Big 12,0,1,0,0,0,,,,12.545454545454545,0.18181818181818182,,,,5.2727272727272725,843.0,6.0,76.63636363636364,0.5454545454545454,14.53448275862069,1.836363636363643,-0.054545454545454564,4.836281906951478,0.08944271909999159,,,,,,,0.0,0,0,1,0,,4.363636363636363,64.0909090909091,0.36363636363636365,,,,,14.6875
Evan Spencer,WR,Ohio St.,22,187.0,2014.0,15.0,Big Ten,0,0,1,0,0,,,,0.6,0.0,,,,1.0666666666666667,158.0,3.0,10.533333333333333,0.2,9.875,-11.066666666666668,-0.09999999999999998,5.236441962829949,0.07312724241271307,,,,,,,0.0,0,0,1,0,,1.0,9.933333333333334,0.2,,,,,9.933333333333334
Frank Darby,WR,Arizona St.,23,187.0,2020.0,4.0,Big 12,0,1,0,0,0,,,,0.0,0.0,,,,1.5,46.0,1.0,11.5,0.25,7.666666666666667,-35.88461538461539,-0.3653846153846154,5.236441962829949,0.07312724241271307,10.0,,,,,,2.4000000000000004,0,0,1,0,,1.5,11.5,0.25,,1.0,14.0,0.0,7.666666666666667
Freddie Swain,WR,Florida,22,214.0,2019.0,12.0,SEC,0,0,0,0,1,,,,2.25,0.0,,,,3.5,544.0,7.0,45.333333333333336,0.5833333333333334,12.95238095238095,21.242424242424246,0.12878787878787884,5.3706380281276624,0.06835859270246633,16.0,,,,,,40.9,0,0,1,0,,3.1666666666666665,43.083333333333336,0.5833333333333334,,13.0,159.0,2.0,13.605263157894736
Gabriel Davis,WR,Central Florida,21,128.0,2019.0,12.0,Big 12,0,1,0,0,0,,,,0.0,0.0,,,,6.0,1241.0,12.0,103.41666666666667,1.0,17.23611111111111,35.5,0.41666666666666663,4.859812404361672,0.08838834764831843,16.0,,,,,,136.9,0,0,1,0,,6.0,103.41666666666667,1.0,,35.0,599.0,7.0,17.23611111111111
Garrett Wilson,WR,Ohio St.,22,10.0,2021.0,11.0,Big Ten,0,0,1,0,0,,,,6.909090909090909,0.09090909090909091,,,,6.7272727272727275,1134.0,13.0,103.0909090909091,1.1818181818181819,15.324324324324323,4.3409090909090935,0.4318181818181819,2.3978952727983707,0.31622776601683794,17.0,,,,,,217.3,0,0,1,0,,6.363636363636363,96.18181818181819,1.0909090909090908,,83.0,1103.0,4.0,15.114285714285714
Gary Jennings Jr,WR,West Virginia,22,120.0,2018.0,11.0,Big 12,0,1,0,0,0,,,,0.0,0.0,,,,4.909090909090909,917.0,13.0,83.36363636363636,1.1818181818181819,16.98148148148148,-0.9440559440559468,1.104895104895105,4.795790545596741,0.09128709291752768,,,,,,,0.0,0,0,1,0,,4.909090909090909,83.36363636363636,1.1818181818181819,,,,,16.98148148148148
George Pickens,WR,Georgia,21,52.0,2021.0,4.0,SEC,0,0,0,0,1,,,,0.0,0.0,,,,1.25,107.0,0.0,26.75,0.0,21.4,-37.375,-0.75,3.970291913552122,0.1386750490563073,17.0,,,,,,156.10000000000002,0,0,1,0,,1.25,26.75,0.0,,52.0,801.0,4.0,21.4
Geremy Davis,WR,Connecticut,23,186.0,2014.0,11.0,Other,0,0,0,1,0,,,,0.0,0.0,,,,4.0,521.0,3.0,47.36363636363637,0.2727272727272727,11.840909090909092,-43.053030303030305,0.022727272727272707,5.231108616854587,0.07332355751067665,10.0,,,,,,4.1,0,0,1,0,,4.0,47.36363636363637,0.2727272727272727,,2.0,21.0,0.0,11.840909090909092
Grant Dubose,WR,Charlotte,22,256.0,2022.0,12.0,Other,0,0,0,1,0,,,,0.0,0.0,,,,5.333333333333333,792.0,9.0,66.0,0.75,12.375,-9.833333333333329,0.25,5.54907608489522,0.0625,3.0,,,,,,3.1,0,0,1,0,,5.333333333333333,66.0,0.75,,2.0,11.0,0.0,12.375
Hakeem Butler,WR,Iowa St.,23,103.0,2018.0,13.0,Big 12,0,1,0,0,0,,,,0.0,0.0,,,,4.615384615384615,1318.0,9.0,101.38461538461539,0.6923076923076923,21.966666666666672,47.769230769230774,0.15384615384615385,4.6443908991413725,0.09853292781642932,2.0,,,,,,0.0,0,0,1,0,,4.615384615384615,101.38461538461539,0.6923076923076923,,0.0,0.0,0.0,21.966666666666665
Henry Ruggs III,WR,Alabama,21,12.0,2019.0,12.0,SEC,0,0,0,0,1,,,,6.25,0.08333333333333333,,,,3.5,821.0,8.0,68.41666666666667,0.6666666666666666,19.547619047619047,19.016666666666673,-0.06666666666666665,2.5649493574615367,0.2886751345948129,13.0,,,,,,83.2,0,0,1,0,,3.3333333333333335,62.166666666666664,0.5833333333333334,,26.0,452.0,2.0,18.65
Hunter Renfrow,WR,Clemson,23,149.0,2018.0,15.0,ACC,1,0,0,0,0,,,,0.0,0.0,,,,3.2666666666666666,544.0,1.0,36.266666666666666,0.06666666666666667,11.10204081632653,-6.733333333333334,-0.1476190476190476,5.0106352940962555,0.08192319205190406,13.0,,,,,,133.5,0,0,1,0,,3.2666666666666666,36.266666666666666,0.06666666666666667,,49.0,605.0,4.0,11.10204081632653
Ihmir Smith-Marsette,WR,Iowa,22,157.0,2020.0,7.0,Big Ten,0,0,1,0,0,,,,7.714285714285714,0.14285714285714285,,,,4.571428571428571,399.0,4.0,57.0,0.5714285714285714,12.46875,-6.846153846153847,-0.04395604395604402,5.062595033026967,0.07980868844676221,8.0,,,,,,28.6,0,0,1,0,,3.5714285714285716,49.285714285714285,0.42857142857142855,,5.0,116.0,2.0,13.8
Isaiah Coulter,WR,Rhode Island,21,171.0,2019.0,14.0,Other,0,0,0,1,0,,,,11.0,0.0,,,,4.785714285714286,1097.0,8.0,78.35714285714286,0.5714285714285714,16.37313432835821,11.657142857142858,-0.22857142857142865,5.147494476813453,0.07647191129018725,1.0,,,,,,0.0,0,0,1,0,,3.642857142857143,67.35714285714286,0.5714285714285714,,0.0,0.0,0.0,18.49019607843137
Isaiah Ford,WR,Virginia Tech,21,237.0,2016.0,14.0,ACC,1,0,0,0,0,,,,2.357142857142857,0.0,,,,6.071428571428571,1127.0,7.0,80.5,0.5,13.258823529411766,-12.961538461538467,-0.34615384615384615,5.472270673671475,0.06495698024616309,1.0,,,,,,0.0,0,0,1,0,,5.642857142857143,78.14285714285714,0.5,,0.0,0.0,0.0,13.848101265822784
Isaiah Hodgins,WR,Oregon St.,21,207.0,2019.0,12.0,Other,0,0,0,1,0,,,,0.0,0.0,,,,7.166666666666667,1171.0,13.0,97.58333333333333,1.0833333333333333,13.616279069767442,17.94696969696969,0.6287878787878787,5.337538079701318,0.06950480468569159,1.0,,,,,,0.0,0,0,1,0,,7.166666666666667,97.58333333333333,1.0833333333333333,,0.0,0.0,0.0,13.616279069767442
Isaiah McKenzie,WR,Georgia,22,172.0,2016.0,13.0,SEC,0,0,0,0,1,,,,10.307692307692308,0.15384615384615385,,,,4.846153846153846,767.0,9.0,59.0,0.6923076923076923,12.174603174603176,35.0,0.4923076923076923,5.153291594497779,0.07624928516630233,11.0,,,,,,6.9,0,0,1,0,,3.3846153846153846,48.69230769230769,0.5384615384615384,,4.0,29.0,0.0,14.386363636363637
J'Mon Moore,WR,Missouri,23,133.0,2017.0,13.0,SEC,0,0,0,0,1,,,,0.0,0.0,,,,5.0,1082.0,10.0,83.23076923076923,0.7692307692307693,16.646153846153847,-1.1025641025641022,0.019230769230769273,4.897839799950911,0.086710996952412,12.0,,,,,,3.5,0,0,1,0,,5.0,83.23076923076923,0.7692307692307693,,2.0,15.0,0.0,16.646153846153847
JJ Arcega-Whiteside,WR,Stanford,22,57.0,2018.0,12.0,Other,0,0,0,1,0,,,,0.0,0.0,,,,5.25,1059.0,14.0,88.25,1.1666666666666667,16.80952380952381,23.16666666666667,0.41666666666666674,4.060443010546419,0.13245323570650439,16.0,,,,,,32.900000000000006,0,0,1,0,,5.25,88.25,1.1666666666666667,,10.0,169.0,1.0,16.80952380952381
JJ Nelson,WR,Ala-Birmingham,23,159.0,2014.0,13.0,Other,0,0,0,1,0,,,,0.07692307692307693,0.0,,,,0.9230769230769231,146.0,3.0,11.23076923076923,0.23076923076923078,12.166666666666666,-14.435897435897438,-0.2692307692307692,5.075173815233827,0.07930515857181442,11.0,,,,,,52.900000000000006,0,0,1,0,,0.8461538461538461,11.153846153846153,0.23076923076923078,,11.0,299.0,2.0,13.181818181818182
Ja'Lynn Polk,WR,Washington,22,37.0,2023.0,15.0,Big Ten,0,0,1,0,0,,,,2.1333333333333333,0.06666666666666667,,,,4.866666666666666,1191.0,10.0,79.4,0.6666666666666666,16.315068493150687,24.861538461538466,0.20512820512820507,3.6375861597263857,0.1643989873053573,15.0,,,,,,32.7,0,0,1,0,,4.6,77.26666666666667,0.6,,12.0,87.0,2.0,16.797101449275363
Ja'Marr Chase,WR,LSU,21,5.0,2019.0,14.0,SEC,0,0,0,0,1,,,,0.35714285714285715,0.0,,,,6.071428571428571,1785.0,20.0,127.5,1.4285714285714286,21.0,103.42307692307692,1.1978021978021978,1.791759469228055,0.4472135954999579,17.0,,,,,,304.5,0,0,1,0,,6.0,127.14285714285714,1.4285714285714286,,81.0,1455.0,13.0,21.19047619047619
Jacob Cowing,WR,Arizona,23,135.0,2023.0,13.0,Big 12,0,1,0,0,0,,,,2.0,0.0,,,,7.3076923076923075,874.0,13.0,67.23076923076923,1.0,9.200000000000001,-19.019230769230774,0.41666666666666663,4.912654885736052,0.08606629658238704,15.0,,,,,,12.0,0,0,1,0,,6.923076923076923,65.23076923076923,1.0,,4.0,80.0,0.0,9.422222222222222
Jacob Harris,WR,Central Florida,24,141.0,2020.0,10.0,Big 12,0,1,0,0,0,,,,0.0,0.0,,,,3.0,539.0,8.0,53.9,0.8,17.966666666666665,19.43846153846154,0.7230769230769232,4.955827057601261,0.0842151921066519,9.0,,,,,,0.0,0,0,1,0,,3.0,53.9,0.8,,0.0,0.0,0.0,17.966666666666665
Jaelen Strong,WR,Arizona St.,21,70.0,2014.0,12.0,Big 12,0,1,0,0,0,,,,0.0,0.0,,,,6.833333333333333,1165.0,10.0,97.08333333333333,0.8333333333333334,14.207317073170733,16.94047619047619,0.33333333333333337,4.2626798770413155,0.11952286093343936,10.0,,,,,,48.1,0,0,1,0,,6.833333333333333,97.08333333333333,0.8333333333333334,,14.0,161.0,3.0,14.207317073170731
Jaelon Darden,WR,North Texas,22,129.0,2020.0,9.0,Other,0,0,0,1,0,,,,-0.3333333333333333,0.0,,,,8.333333333333334,1187.0,19.0,131.88888888888889,2.111111111111111,15.826666666666666,69.47222222222223,1.1111111111111112,4.867534450455582,0.08804509063256238,9.0,,,,,,10.3,0,0,1,0,,8.222222222222221,132.22222222222223,2.111111111111111,,6.0,43.0,0.0,16.08108108108108
Jahan Dotson,WR,Penn St.,22,16.0,2021.0,12.0,Big Ten,0,0,1,0,0,,,,1.5,0.08333333333333333,,,,8.083333333333334,1200.0,13.0,100.0,1.0833333333333333,12.371134020618555,1.7777777777777715,0.19444444444444442,2.833213344056216,0.25,12.0,,,,,,129.3,0,0,1,0,,7.583333333333333,98.5,1.0,,35.0,523.0,7.0,12.989010989010989
Jakeem Grant,WR,Texas Tech,23,186.0,2015.0,13.0,Big 12,0,1,0,0,0,,,,5.230769230769231,0.15384615384615385,,,,7.538461538461538,1336.0,12.0,102.76923076923077,0.9230769230769231,13.63265306122449,21.685897435897445,0.33974358974358976,5.231108616854587,0.07332355751067665,16.0,,,,,,0.0,0,0,1,0,,6.923076923076923,97.53846153846153,0.7692307692307693,,0.0,0.0,0.0,14.088888888888889
Jaleel Scott,WR,New Mexico St.,23,132.0,2017.0,13.0,Other,0,0,0,1,0,,,,0.0,0.0,,,,5.846153846153846,1079.0,9.0,83.0,0.6923076923076923,14.197368421052632,59.41666666666667,0.2756410256410256,4.890349128221754,0.08703882797784893,3.0,,,,,,1.6,0,0,1,0,,5.846153846153846,83.0,0.6923076923076923,,1.0,6.0,0.0,14.197368421052632
Jalen Brooks,WR,South Carolina,23,244.0,2022.0,12.0,SEC,0,0,0,0,1,,,,4.25,0.08333333333333333,,,,3.0833333333333335,555.0,2.0,46.25,0.16666666666666666,15.0,16.083333333333332,0.0,5.501258210544727,0.06401843996644799,7.0,,,,,,12.4,0,0,1,0,,2.75,42.0,0.08333333333333333,,6.0,64.0,0.0,15.272727272727273
Jalen Camp,WR,Georgia Tech,23,209.0,2020.0,10.0,ACC,1,0,0,0,0,,,,0.0,0.0,,,,2.9,439.0,4.0,43.9,0.4,15.137931034482758,21.566666666666666,0.23333333333333336,5.3471075307174685,0.06917144638660747,3.0,,,,,,0.0,0,0,1,0,,2.9,43.9,0.4,,0.0,0.0,0.0,15.137931034482758
Jalen McMillan,WR,Washington,22,92.0,2023.0,11.0,Big Ten,0,0,1,0,0,,,,2.727272727272727,0.09090909090909091,,,,4.363636363636363,589.0,6.0,53.54545454545455,0.5454545454545454,12.270833333333336,-31.069930069930066,-0.14685314685314688,4.532599493153256,0.10425720702853739,13.0,,,,,,131.1,0,0,1,0,,4.090909090909091,50.81818181818182,0.45454545454545453,,37.0,461.0,8.0,12.422222222222222
Jalen Nailor,WR,Michigan St.,23,191.0,2021.0,9.0,Big Ten,0,0,1,0,0,,,,-0.3333333333333333,0.0,,,,4.222222222222222,691.0,6.0,76.77777777777777,0.6666666666666666,18.18421052631579,1.6349206349206327,0.09523809523809523,5.2574953720277815,0.07235746052924216,15.0,,,,,,32.900000000000006,0,0,1,0,,4.111111111111111,77.11111111111111,0.6666666666666666,,9.0,179.0,1.0,18.756756756756758
Jalen Reagor,WR,TCU,21,21.0,2019.0,12.0,Big 12,0,1,0,0,0,,,,7.416666666666667,0.0,,,,4.75,700.0,5.0,58.333333333333336,0.4166666666666667,12.280701754385966,-36.35897435897436,-0.42948717948717946,3.091042453358316,0.2182178902359924,11.0,,,,,,76.6,0,0,1,0,,3.5833333333333335,50.916666666666664,0.4166666666666667,,31.0,396.0,1.0,14.209302325581396
Jalen Tolbert,WR,South Alabama,23,88.0,2021.0,12.0,Other,0,0,0,1,0,,,,0.0,0.0,,,,6.833333333333333,1474.0,8.0,122.83333333333333,0.6666666666666666,17.975609756097562,24.19696969696969,-0.06060606060606066,4.48863636973214,0.10660035817780521,8.0,,,,,,3.2,0,0,1,0,,6.833333333333333,122.83333333333333,0.6666666666666666,,2.0,12.0,0.0,17.975609756097562
Jalin Hyatt,WR,Tennessee,21,73.0,2022.0,12.0,SEC,0,0,0,0,1,,,,0.0,0.0,,,,5.666666666666667,1267.0,15.0,105.58333333333333,1.25,18.632352941176467,87.42948717948718,1.0961538461538463,4.30406509320417,0.11704114719613057,17.0,,,,,,60.300000000000004,0,0,1,0,,5.583333333333333,105.58333333333333,1.25,,23.0,373.0,0.0,18.91044776119403
Jamari Thrash,WR,Louisville,23,156.0,2023.0,12.0,ACC,1,0,0,0,0,,,,1.0,0.08333333333333333,,,,5.333333333333333,870.0,7.0,72.5,0.5833333333333334,13.59375,-21.41666666666667,0.0,5.056245805348308,0.08006407690254357,9.0,,,,,,5.2,0,0,1,0,,5.25,71.5,0.5,,3.0,22.0,0.0,13.619047619047619
James Proche,WR,SMU,23,201.0,2019.0,13.0,ACC,1,0,0,0,0,,,,1.3846153846153846,0.0,,,,8.846153846153847,1243.0,15.0,95.61538461538461,1.1538461538461537,10.808695652173913,-5.717948717948715,0.15384615384615374,5.308267697401205,0.07053456158585983,14.0,,,,,,2.4000000000000004,0,0,1,0,,8.538461538461538,94.23076923076923,1.1538461538461537,,1.0,14.0,0.0,11.036036036036036
James Washington,WR,Oklahoma St.,22,60.0,2017.0,13.0,Big 12,0,1,0,0,0,,,,0.9230769230769231,0.07692307692307693,,,,5.923076923076923,1561.0,14.0,120.07692307692308,1.0769230769230769,20.272727272727273,11.769230769230774,0.3076923076923076,4.110873864173311,0.12909944487358055,14.0,,,,,,43.7,0,0,1,0,,5.6923076923076925,119.15384615384616,1.0,,16.0,217.0,1.0,20.93243243243243
Jameson Williams,WR,Alabama,21,12.0,2021.0,15.0,SEC,0,0,0,0,1,,,,1.5333333333333334,0.0,,,,5.466666666666667,1595.0,15.0,106.33333333333333,1.0,19.45121951219512,87.08333333333333,0.75,2.5649493574615367,0.2886751345948129,6.0,,,,,,11.100000000000001,0,0,1,0,,5.266666666666667,104.8,1.0,,1.0,41.0,1.0,19.89873417721519
Jamison Crowder,WR,Duke,22,105.0,2014.0,13.0,ACC,1,0,0,0,0,,,,0.6923076923076923,0.0,,,,6.6923076923076925,1053.0,6.0,81.0,0.46153846153846156,12.103448275862068,-21.214285714285708,-0.18131868131868134,4.663439094112067,0.09759000729485333,16.0,,,,,,131.4,0,0,1,0,,6.538461538461538,80.3076923076923,0.46153846153846156,,59.0,604.0,2.0,12.282352941176471
Jauan Jennings,WR,Tennessee,23,217.0,2019.0,13.0,SEC,0,0,0,0,1,,,,3.923076923076923,0.07692307692307693,,,,5.538461538461538,1020.0,9.0,78.46153846153847,0.6923076923076923,14.166666666666666,41.96153846153847,0.4423076923076923,5.384495062789089,0.06788442333021306,16.0,,,,,,82.2,0,0,1,0,,4.538461538461538,74.53846153846153,0.6153846153846154,,24.0,282.0,5.0,16.423728813559322
Javon Baker,WR,Central Florida,22,110.0,2023.0,13.0,Big 12,0,1,0,0,0,,,,0.0,0.0,,,,4.0,1139.0,7.0,87.61538461538461,0.5384615384615384,21.903846153846153,30.75824175824176,0.18131868131868129,4.709530201312334,0.09534625892455924,11.0,,,,,,2.2,0,0,1,0,,4.0,87.61538461538461,0.5384615384615384,,1.0,12.0,0.0,21.903846153846153
Javon Wims,WR,Georgia,23,224.0,2017.0,15.0,SEC,0,0,0,0,1,,,,0.0,0.0,,,,3.0,720.0,7.0,48.0,0.4666666666666667,16.0,32.166666666666664,0.38333333333333336,5.41610040220442,0.0668153104781061,4.0,,,,,,7.2,0,0,1,0,,3.0,48.0,0.4666666666666667,,4.0,32.0,0.0,16.0
Jaxon Smith-Njigba,WR,Ohio St.,21,20.0,2022.0,3.0,Big Ten,0,0,1,0,0,,,,0.0,0.0,,,,1.6666666666666667,43.0,0.0,14.333333333333334,0.0,8.6,-109.2051282051282,-0.6923076923076923,3.044522437723423,0.22360679774997896,17.0,,,,,,149.8,0,0,1,0,,1.6666666666666667,14.333333333333334,0.0,,63.0,628.0,4.0,8.6
Jayden Reed,WR,Michigan St.,23,50.0,2022.0,11.0,Big Ten,0,0,1,0,0,,,,1.0,0.0,,,,5.363636363636363,647.0,5.0,58.81818181818182,0.45454545454545453,10.966101694915254,-22.720279720279713,-0.3916083916083916,3.9318256327243257,0.1414213562373095,16.0,,,,,,191.3,0,0,1,0,,5.0,57.81818181818182,0.45454545454545453,,64.0,793.0,8.0,11.563636363636364
Jaylen Waddle,WR,Alabama,22,6.0,2020.0,6.0,SEC,0,0,0,0,1,,,,2.0,0.0,,,,5.166666666666667,603.0,4.0,100.5,0.6666666666666666,19.451612903225804,57.03846153846154,0.20512820512820507,1.9459101490553132,0.4082482904638631,16.0,,,,,,241.5,0,0,1,0,,4.666666666666667,98.5,0.6666666666666666,,104.0,1015.0,6.0,21.107142857142858
Jehu Chesson,WR,Michigan,23,139.0,2016.0,13.0,Big Ten,0,0,1,0,0,,,,4.846153846153846,0.07692307692307693,,,,3.6153846153846154,563.0,3.0,43.30769230769231,0.23076923076923078,11.978723404255318,-27.384615384615387,-0.6153846153846154,4.941642422609304,0.08481889296799709,12.0,,,,,,3.8,0,0,1,0,,2.6923076923076925,38.46153846153846,0.15384615384615385,,2.0,18.0,0.0,14.285714285714286
Jermaine Burton,WR,Alabama,23,80.0,2023.0,13.0,SEC,0,0,0,0,1,,,,0.0,0.0,,,,3.0,798.0,8.0,61.38461538461539,0.6153846153846154,20.46153846153846,9.307692307692307,0.07692307692307698,4.394449154672439,0.11180339887498948,14.0,,,,,,14.700000000000001,0,0,1,0,,3.0,61.38461538461539,0.6153846153846154,,4.0,107.0,0.0,20.46153846153846
Jerry Jeudy,WR,Alabama,21,15.0,2019.0,13.0,SEC,0,0,0,0,1,,,,0.07692307692307693,0.0,,,,6.0,1164.0,10.0,89.53846153846153,0.7692307692307693,14.923076923076923,1.8717948717948616,-0.16410256410256407,2.772588722239781,0.2581988897471611,16.0,,,,,,155.60000000000002,0,0,1,0,,5.923076923076923,89.46153846153847,0.7692307692307693,,52.0,856.0,3.0,15.103896103896103
Jha'Quan Jackson,WR,Tulane,24,182.0,2023.0,10.0,Other,0,0,0,1,0,,,,5.1,0.0,,,,3.1,490.0,4.0,49.0,0.4,15.806451612903226,8.857142857142854,0.18571428571428575,5.209486152841421,0.07412493166611012,12.0,,,,,,1.8,0,0,1,0,,2.6,43.9,0.4,,1.0,8.0,0.0,16.884615384615383
Joe Reed,WR,Virginia,22,151.0,2019.0,13.0,ACC,1,0,0,0,0,,,,3.230769230769231,0.0,,,,6.538461538461538,721.0,7.0,55.46153846153846,0.5384615384615384,8.48235294117647,18.53846153846154,0.0,5.0238805208462765,0.08137884587711594,,,,,,,0.0,0,0,1,0,,5.923076923076923,52.23076923076923,0.5384615384615384,,,,,8.818181818181818
John Hightower,WR,Boise St.,24,168.0,2019.0,14.0,Other,0,0,0,1,0,,,,11.0,0.0,,,,4.785714285714286,1097.0,8.0,78.35714285714286,0.5714285714285714,16.37313432835821,11.657142857142858,-0.22857142857142865,5.1298987149230735,0.07715167498104596,13.0,,,,,,26.7,0,0,1,0,,3.642857142857143,67.35714285714286,0.5714285714285714,,10.0,167.0,0.0,18.49019607843137
John Metchie,WR,Alabama,22,44.0,2021.0,13.0,SEC,0,0,0,0,1,,,,0.6153846153846154,0.0,,,,7.461538461538462,1150.0,8.0,88.46153846153847,0.6153846153846154,11.855670103092782,18.0,0.15384615384615385,3.8066624897703196,0.15075567228888181,16.0,,,,,,31.8,0,0,1,0,,7.384615384615385,87.84615384615384,0.6153846153846154,,16.0,158.0,0.0,11.895833333333334
John Ross,WR,Washington,21,9.0,2016.0,14.0,Big Ten,0,0,1,0,0,,,,7.285714285714286,0.07142857142857142,,,,6.357142857142857,1252.0,18.0,89.42857142857143,1.2857142857142858,14.067415730337078,56.73626373626374,0.9010989010989012,2.302585092994046,0.3333333333333333,3.0,,,,,,0.0,0,0,1,0,,5.785714285714286,82.14285714285714,1.2142857142857142,,0.0,0.0,0.0,14.197530864197532
John Ursua,WR,Hawaii,25,236.0,2018.0,13.0,Other,0,0,0,1,0,,,,0.3076923076923077,0.07692307692307693,,,,7.0,1347.0,17.0,103.61538461538461,1.3076923076923077,14.802197802197801,-7.551282051282058,0.47435897435897434,5.4680601411351315,0.06509445549041194,3.0,,,,,,2.1,0,0,1,0,,6.846153846153846,103.3076923076923,1.2307692307692308,,1.0,11.0,0.0,15.089887640449438
Johnny Wilson,WR,Florida St.,23,185.0,2023.0,10.0,ACC,1,0,0,0,0,,,,0.0,0.0,,,,4.1,617.0,2.0,61.7,0.2,15.04878048780488,-7.299999999999997,-0.18461538461538463,5.225746673713202,0.07352146220938077,16.0,,,,,,14.8,0,0,1,0,,4.1,61.7,0.2,,5.0,38.0,1.0,15.048780487804878
Jonathan Mingo,WR,Mississippi,22,39.0,2022.0,13.0,SEC,0,0,0,0,1,,,,-0.5384615384615384,0.07692307692307693,,,,4.230769230769231,854.0,6.0,65.6923076923077,0.46153846153846156,15.527272727272727,8.025641025641029,-0.038461538461538436,3.6888794541139363,0.16012815380508713,15.0,,,,,,84.80000000000001,0,0,1,0,,3.923076923076923,66.23076923076923,0.38461538461538464,,43.0,418.0,0.0,16.88235294117647
Jordan Addison,WR,USC,21,23.0,2022.0,11.0,Big Ten,0,0,1,0,0,,,,3.0,0.0,,,,5.7272727272727275,908.0,8.0,82.54545454545455,0.7272727272727273,14.412698412698411,-35.240259740259745,-0.5584415584415585,3.1780538303479458,0.20851441405707477,17.0,,,,,,221.10000000000002,0,0,1,0,,5.363636363636363,79.54545454545455,0.7272727272727273,,70.0,911.0,10.0,14.830508474576272
Jordan Lasley,WR,UCLA,21,162.0,2017.0,9.0,Big Ten,0,0,1,0,0,,,,-0.6666666666666666,0.0,,,,8.11111111111111,1258.0,9.0,139.77777777777777,1.0,17.232876712328768,83.4141414141414,0.5454545454545454,5.093750200806762,0.07856742013183861,,,,,,,0.0,0,0,1,0,,7.666666666666667,140.44444444444446,1.0,,,,,18.318840579710145
Jordan Payton,WR,UCLA,23,154.0,2015.0,13.0,Big Ten,0,0,1,0,0,,,,0.0,0.0,,,,6.0,1106.0,5.0,85.07692307692308,0.38461538461538464,14.17948717948718,11.692307692307693,-0.1538461538461538,5.043425116919247,0.08058229640253803,4.0,,,,,,1.3,0,0,1,0,,6.0,85.07692307692308,0.38461538461538464,,1.0,3.0,0.0,14.179487179487179
Jordan Whittington,WR,Texas,23,213.0,2023.0,14.0,SEC,0,0,0,0,1,,,,1.2857142857142858,0.0,,,,3.2142857142857144,523.0,1.0,37.357142857142854,0.07142857142857142,11.622222222222222,-12.7967032967033,-0.005494505494505503,5.365976015021851,0.06851887098275317,15.0,,,,,,51.3,0,0,1,0,,3.0,36.07142857142857,0.07142857142857142,,22.0,293.0,0.0,12.023809523809524
Josh Doctson,WR,TCU,23,22.0,2015.0,11.0,Big 12,0,1,0,0,0,,,,0.5454545454545454,0.0,,,,7.2727272727272725,1333.0,14.0,121.18181818181819,1.2727272727272727,16.662499999999998,42.87412587412588,0.42657342657342656,3.1354942159291497,0.21320071635561041,2.0,,,,,,8.600000000000001,0,0,1,0,,7.181818181818182,120.63636363636364,1.2727272727272727,,2.0,66.0,0.0,16.79746835443038
Josh Downs,WR,North Carolina,22,79.0,2022.0,11.0,ACC,1,0,0,0,0,,,,0.0,0.0,,,,8.545454545454545,1029.0,11.0,93.54545454545455,1.0,10.946808510638299,-9.146853146853147,0.3846153846153846,4.382026634673881,0.1125087900926024,17.0,,,,,,157.10000000000002,0,0,1,0,,8.545454545454545,93.54545454545455,1.0,,68.0,771.0,2.0,10.946808510638299
Josh Malone,WR,Tennessee,21,128.0,2016.0,13.0,SEC,0,0,0,0,1,,,,0.0,0.0,,,,3.8461538461538463,972.0,11.0,74.76923076923077,0.8461538461538461,19.44,43.61538461538462,0.6923076923076923,4.859812404361672,0.08838834764831843,11.0,,,,,,18.3,0,0,1,0,,3.8461538461538463,74.76923076923077,0.8461538461538461,,6.0,63.0,1.0,19.44
Josh Palmer,WR,Tennessee,21,77.0,2020.0,10.0,SEC,0,0,0,0,1,,,,0.0,0.0,,,,3.3,475.0,4.0,47.5,0.4,14.393939393939394,12.03846153846154,0.3230769230769231,4.356708826689592,0.11396057645963795,17.0,,,,,,92.30000000000001,0,0,1,0,,3.3,47.5,0.4,,33.0,353.0,4.0,14.393939393939394
Josh Reynolds,WR,Texas A&M,22,117.0,2016.0,13.0,SEC,0,0,0,0,1,,,,0.0,0.0,,,,4.6923076923076925,1039.0,12.0,79.92307692307692,0.9230769230769231,17.0327868852459,4.339743589743591,0.5064102564102564,4.770684624465665,0.09245003270420485,16.0,,,,,,27.4,0,0,1,0,,4.6923076923076925,79.92307692307692,0.9230769230769231,,11.0,104.0,1.0,17.0327868852459
JuJu Smith-Schuster,WR,USC,20,62.0,2016.0,13.0,Big Ten,0,0,1,0,0,,,,2.076923076923077,0.0,,,,5.769230769230769,941.0,10.0,72.38461538461539,0.7692307692307693,12.546666666666665,-31.758241758241752,0.05494505494505497,4.143134726391533,0.1270001270001905,14.0,,,,,,191.7,0,0,1,0,,5.384615384615385,70.3076923076923,0.7692307692307693,,58.0,917.0,7.0,13.057142857142857
Justin Hardy,WR,East Carolina,23,107.0,2014.0,13.0,Other,0,0,0,1,0,,,,0.5384615384615384,0.07692307692307693,,,,9.384615384615385,1501.0,11.0,115.46153846153847,0.8461538461538461,12.303278688524589,16.692307692307693,0.23076923076923073,4.68213122712422,0.09667364890456635,9.0,,,,,,40.400000000000006,0,0,1,0,,9.307692307692308,114.92307692307692,0.7692307692307693,,21.0,194.0,0.0,12.347107438016529
Justin Jefferson,WR,LSU,21,22.0,2019.0,15.0,SEC,0,0,0,0,1,,,,0.0,0.0,,,,7.4,1540.0,18.0,102.66666666666667,1.2,13.873873873873872,33.358974358974365,0.7384615384615384,3.1354942159291497,0.21320071635561041,16.0,,,,,,270.0,0,0,1,0,,7.4,102.66666666666667,1.2,,88.0,1400.0,7.0,13.873873873873874
Justin Shorter,WR,Florida,23,150.0,2022.0,9.0,SEC,0,0,0,0,1,,,,0.0,0.0,,,,3.2222222222222223,577.0,2.0,64.11111111111111,0.2222222222222222,19.89655172413793,21.803418803418808,-0.008547008547008572,5.017279836814924,0.08164965809277261,,,,,,,0.0,0,0,1,0,,3.2222222222222223,64.11111111111111,0.2222222222222222,,,,,19.896551724137932
Justin Watson,WR,Pennsylvania,22,144.0,2017.0,13.0,Other,0,0,0,1,0,,,,0.0,0.0,,,,1.6923076923076923,212.0,3.0,16.307692307692307,0.23076923076923078,9.636363636363637,-0.76923076923077,0.15384615384615385,4.976733742420574,0.08333333333333333,12.0,,,,,,1.5,0,0,1,0,,1.6923076923076923,16.307692307692307,0.23076923076923078,,1.0,5.0,0.0,9.636363636363637
Juwann Winfree,WR,Colorado,23,187.0,2018.0,8.0,Big 12,0,1,0,0,0,,,,0.0,0.0,,,,3.5,324.0,2.0,40.5,0.25,11.571428571428571,13.416666666666668,0.08333333333333334,5.236441962829949,0.07312724241271307,3.0,,,,,,0.0,0,0,1,0,,3.5,40.5,0.25,,0.0,0.0,0.0,11.571428571428571
K.J. Hill,WR,Ohio St.,22,220.0,2019.0,14.0,Big Ten,0,0,1,0,0,,,,0.07142857142857142,0.0,,,,4.142857142857143,637.0,10.0,45.5,0.7142857142857143,10.982758620689653,-17.5,0.28571428571428575,5.3981627015177525,0.06741998624632421,15.0,,,,,,14.3,0,0,1,0,,4.071428571428571,45.42857142857143,0.7142857142857143,,7.0,73.0,0.0,11.157894736842104
K.J. Osborn,WR,Miami (FL),23,176.0,2019.0,13.0,ACC,1,0,0,0,0,,,,1.1538461538461537,0.0,,,,4.230769230769231,562.0,5.0,43.23076923076923,0.38461538461538464,10.218181818181819,-21.626373626373628,-0.11538461538461536,5.176149732573829,0.07537783614444091,9.0,,,,,,0.0,0,0,1,0,,3.8461538461538463,42.07692307692308,0.38461538461538464,,0.0,0.0,0.0,10.94
KJ Hamler,WR,Penn St.,21,46.0,2019.0,13.0,Big Ten,0,0,1,0,0,,,,3.3076923076923075,0.0,,,,5.3076923076923075,947.0,8.0,72.84615384615384,0.6153846153846154,13.72463768115942,11.461538461538453,0.15384615384615385,3.8501476017100584,0.14744195615489714,13.0,,,,,,86.1,0,0,1,0,,4.3076923076923075,69.53846153846153,0.6153846153846154,,30.0,381.0,3.0,16.142857142857142
Kadarius Toney,WR,Florida,22,20.0,2020.0,11.0,SEC,0,0,0,0,1,,,,14.636363636363637,0.09090909090909091,,,,8.090909090909092,1145.0,11.0,104.0909090909091,1.0,12.865168539325843,67.94805194805195,0.8571428571428572,3.044522437723423,0.22360679774997896,10.0,,,,,,81.0,0,0,1,0,,6.363636363636363,89.45454545454545,0.9090909090909091,,39.0,420.0,0.0,14.057142857142857
Kaelin Clay,WR,Utah,23,184.0,2014.0,13.0,Big 12,0,1,0,0,0,,,,0.3076923076923077,0.0,,,,3.6153846153846154,527.0,4.0,40.53846153846154,0.3076923076923077,11.212765957446807,0.0,0.0,5.220355825078324,0.07372097807744857,13.0,,,,,,14.5,0,0,1,0,,3.3076923076923075,40.23076923076923,0.3076923076923077,,6.0,85.0,0.0,12.162790697674419
Kawaan Baker,WR,South Alabama,23,255.0,2020.0,11.0,Other,0,0,0,1,0,,,,3.8181818181818183,0.0,,,,5.818181818181818,701.0,8.0,63.72727272727273,0.7272727272727273,10.953125,8.977272727272727,0.3106060606060606,5.545177444479562,0.06262242910851495,,,,,,,0.0,0,0,1,0,,4.636363636363637,59.90909090909091,0.7272727272727273,,,,,12.92156862745098
Kayshon Boutte,WR,LSU,21,187.0,2022.0,11.0,SEC,0,0,0,0,1,,,,3.727272727272727,0.0,,,,4.454545454545454,579.0,2.0,52.63636363636363,0.18181818181818182,11.816326530612246,-32.03030303030304,-1.3181818181818181,5.236441962829949,0.07312724241271307,5.0,,,,,,3.9000000000000004,0,0,1,0,,4.363636363636363,48.90909090909091,0.18181818181818182,,2.0,19.0,0.0,11.208333333333334
KeeSean Johnson,WR,Fresno St.,22,174.0,2018.0,14.0,Other,0,0,0,1,0,,,,1.0,0.0,,,,7.071428571428571,1354.0,8.0,96.71428571428571,0.5714285714285714,13.676767676767678,24.357142857142847,0.0,5.1647859739235145,0.07580980435789034,10.0,,,,,,45.7,0,0,1,0,,6.785714285714286,95.71428571428571,0.5714285714285714,,21.0,187.0,1.0,14.105263157894736
Keith Mumphery,WR,Michigan St.,23,175.0,2014.0,13.0,Big Ten,0,0,1,0,0,,,,6.538461538461538,0.07692307692307693,,,,2.4615384615384617,580.0,4.0,44.61538461538461,0.3076923076923077,18.125,19.53205128205128,0.05769230769230771,5.170483995038151,0.07559289460184544,16.0,,,,,,26.9,0,0,1,0,,2.0,38.07692307692308,0.23076923076923078,,14.0,129.0,0.0,19.03846153846154
Keke Coutee,WR,Texas Tech,21,103.0,2017.0,13.0,Big 12,0,1,0,0,0,,,,1.1538461538461537,0.0,,,,7.538461538461538,1444.0,10.0,111.07692307692308,0.7692307692307693,14.734693877551022,36.74358974358975,0.10256410256410264,4.6443908991413725,0.09853292781642932,6.0,,,,,,62.7,0,0,1,0,,7.153846153846154,109.92307692307692,0.7692307692307693,,28.0,287.0,1.0,15.365591397849462
Kelvin Harmon,WR,North Carolina St.,22,206.0,2018.0,12.0,ACC,1,0,0,0,0,,,,0.0,0.0,,,,6.75,1186.0,7.0,98.83333333333333,0.5833333333333334,14.641975308641975,20.602564102564102,0.27564102564102566,5.332718793265369,0.06967330142916177,16.0,,,,,,66.5,0,0,1,0,,6.75,98.83333333333333,0.5833333333333334,,30.0,365.0,0.0,14.641975308641975
Kenny Bell,WR,Nebraska,23,162.0,2014.0,13.0,Big Ten,0,0,1,0,0,,,,0.0,0.0,,,,3.6153846153846154,788.0,6.0,60.61538461538461,0.46153846153846156,16.76595744680851,16.153846153846153,0.15384615384615385,5.093750200806762,0.07856742013183861,,,,,,,0.0,0,0,1,0,,3.6153846153846154,60.61538461538461,0.46153846153846156,,,,,16.76595744680851
Kenny Golladay,WR,Northern Illinois,23,96.0,2016.0,12.0,Other,0,0,0,1,0,,,,16.0,0.16666666666666666,,,,8.916666666666666,1348.0,10.0,112.33333333333333,0.8333333333333334,12.598130841121495,30.69047619047619,0.04761904761904767,4.574710978503383,0.10206207261596577,11.0,,,,,,93.7,0,0,1,0,,7.25,96.33333333333333,0.6666666666666666,,28.0,477.0,3.0,13.28735632183908
Kenny Lawler,WR,California,22,243.0,2015.0,13.0,Other,0,0,0,1,0,,,,0.38461538461538464,0.0,,,,4.076923076923077,663.0,13.0,51.0,1.0,12.509433962264152,-12.727272727272727,0.18181818181818177,5.497168225293202,0.06415002990995841,,,,,,,0.0,0,0,1,0,,4.0,50.61538461538461,1.0,,,,,12.653846153846153
Keon Coleman,WR,Florida St.,21,33.0,2023.0,12.0,ACC,1,0,0,0,0,,,,0.16666666666666666,0.0,,,,4.25,660.0,11.0,55.0,0.9166666666666666,12.941176470588234,-11.5,0.33333333333333326,3.5263605246161616,0.17407765595569785,13.0,,,,,,108.6,0,0,1,0,,4.166666666666667,54.833333333333336,0.9166666666666666,,29.0,556.0,4.0,13.16
Kevin White,WR,West Virginia,23,7.0,2014.0,13.0,Big 12,0,1,0,0,0,,,,0.0,0.0,,,,8.384615384615385,1447.0,10.0,111.3076923076923,0.7692307692307693,13.275229357798166,60.607692307692304,0.2692307692307693,2.0794415416798357,0.3779644730092272,4.0,,,,,,37.7,0,0,1,0,,8.384615384615385,111.3076923076923,0.7692307692307693,,19.0,187.0,0.0,13.275229357798166
Khalil Shakir,WR,Boise St.,22,148.0,2021.0,12.0,Other,0,0,0,1,0,,,,10.833333333333334,0.0,,,,8.166666666666666,1247.0,7.0,103.91666666666667,0.5833333333333334,12.724489795918368,-19.94047619047619,-0.2738095238095237,5.003946305945459,0.08219949365267865,14.0,,,,,,32.1,0,0,1,0,,6.416666666666667,93.08333333333333,0.5833333333333334,,10.0,161.0,1.0,14.506493506493506
Kolby Listenbee,WR,TCU,22,192.0,2015.0,11.0,Big 12,0,1,0,0,0,,,,1.0,0.0,,,,2.8181818181818183,608.0,5.0,55.27272727272727,0.45454545454545453,19.61290322580645,-4.111888111888113,0.14685314685314682,5.262690188904886,0.07216878364870323,,,,,,,0.0,0,0,1,0,,2.727272727272727,54.27272727272727,0.45454545454545453,,,,,19.9
Kyle Philips,WR,UCLA,23,163.0,2021.0,11.0,Big Ten,0,0,1,0,0,,,,0.0,0.0,,,,5.363636363636363,739.0,10.0,67.18181818181819,0.9090909090909091,12.525423728813559,8.610389610389618,0.6233766233766234,5.099866427824199,0.07832604499879574,4.0,,,,,,15.8,0,0,1,0,,5.363636363636363,67.18181818181819,0.9090909090909091,,8.0,78.0,0.0,12.525423728813559
Ladd McConkey,WR,Georgia,22,34.0,2023.0,9.0,SEC,0,0,0,0,1,,,,4.222222222222222,0.1111111111111111,,,,3.5555555555555554,516.0,3.0,57.333333333333336,0.3333333333333333,16.125,-2.3999999999999986,-0.26666666666666666,3.5553480614894135,0.17149858514250882,16.0,,,,,,238.9,0,0,1,0,,3.3333333333333335,53.111111111111114,0.2222222222222222,,82.0,1149.0,7.0,15.933333333333334
Laquon Treadwell,WR,Mississippi,21,23.0,2015.0,13.0,SEC,0,0,0,0,1,,,,-0.38461538461538464,0.0,,,,6.384615384615385,1148.0,11.0,88.3076923076923,0.8461538461538461,13.831325301204819,18.863247863247864,0.29059829059829057,3.1780538303479458,0.20851441405707477,9.0,,,,,,2.5,0,0,1,0,,6.3076923076923075,88.6923076923077,0.8461538461538461,,1.0,15.0,0.0,14.060975609756097
Laviska Shenault Jr.,WR,Colorado,21,42.0,2019.0,11.0,Big 12,0,1,0,0,0,,,,14.636363636363637,0.18181818181818182,,,,7.181818181818182,925.0,6.0,84.0909090909091,0.5454545454545454,11.708860759493671,-41.02020202020202,-0.6767676767676769,3.7612001156935624,0.1543033499620919,14.0,,,,,,148.0,0,0,1,0,,5.090909090909091,69.45454545454545,0.36363636363636365,,58.0,600.0,5.0,13.642857142857142
Leonte Carroo,WR,Rutgers,22,86.0,2015.0,8.0,Big Ten,0,0,1,0,0,,,,0.0,0.0,,,,4.875,809.0,10.0,101.125,1.25,20.743589743589745,17.586538461538467,0.4807692307692307,4.465908118654584,0.10783277320343841,14.0,,,,,,11.9,0,0,1,0,,4.875,101.125,1.25,,3.0,29.0,1.0,20.743589743589745
Mack Hollins,WR,North Carolina,23,118.0,2016.0,7.0,ACC,1,0,0,0,0,,,,0.0,0.0,,,,2.2857142857142856,309.0,4.0,44.142857142857146,0.5714285714285714,19.3125,-9.07142857142857,0.0,4.77912349311153,0.09205746178983235,16.0,,,,,,44.6,0,0,1,0,,2.2857142857142856,44.142857142857146,0.5714285714285714,,16.0,226.0,1.0,19.3125
Malachi Corley,WR,Western Kentucky,22,65.0,2023.0,12.0,Other,0,0,0,1,0,,,,0.9166666666666666,0.0,,,,6.916666666666667,995.0,11.0,82.91666666666667,0.9166666666666666,11.987951807228916,-15.797619047619037,0.13095238095238093,4.189654742026425,0.12403473458920847,9.0,,,,,,4.6,0,0,1,0,,6.583333333333333,82.0,0.9166666666666666,,3.0,16.0,0.0,12.455696202531646
Malachi Dupre,WR,LSU,21,247.0,2016.0,12.0,SEC,0,0,0,0,1,,,,0.0,0.0,,,,3.4166666666666665,593.0,3.0,49.416666666666664,0.25,14.463414634146341,-8.75,-0.25,5.5134287461649825,0.06362847629757777,,,,,,,0.0,0,0,1,0,,3.4166666666666665,49.416666666666664,0.25,,,,,14.463414634146341
Malcolm Mitchell,WR,Georgia,24,112.0,2015.0,13.0,SEC,0,0,0,0,1,,,,0.0,0.0,,,,4.461538461538462,865.0,5.0,66.53846153846153,0.38461538461538464,14.913793103448276,38.982905982905976,0.05128205128205132,4.727387818712341,0.0944911182523068,14.0,,,,,,96.1,0,0,1,0,,4.461538461538462,66.53846153846153,0.38461538461538464,,32.0,401.0,4.0,14.913793103448276
Malik Nabers,WR,LSU,21,6.0,2023.0,13.0,SEC,0,0,0,0,1,,,,0.07692307692307693,0.0,,,,6.923076923076923,1570.0,14.0,120.76923076923077,1.0769230769230769,17.444444444444443,47.769230769230774,0.8626373626373626,1.9459101490553132,0.4082482904638631,15.0,,,,,,271.4,0,0,1,0,,6.846153846153846,120.6923076923077,1.0769230769230769,,109.0,1204.0,7.0,17.629213483146067
Malik Washington,WR,Virginia,23,184.0,2023.0,12.0,ACC,1,0,0,0,0,,,,0.5833333333333334,0.0,,,,9.416666666666666,1433.0,9.0,119.41666666666667,0.75,12.68141592920354,60.25000000000001,0.6666666666666666,5.220355825078324,0.07372097807744857,14.0,,,,,,48.3,0,0,1,0,,9.166666666666666,118.83333333333333,0.75,,26.0,223.0,0.0,12.963636363636363
Marcell Ateman,WR,Oklahoma St.,23,228.0,2017.0,13.0,Big 12,0,1,0,0,0,,,,0.0,0.0,,,,4.538461538461538,1156.0,8.0,88.92307692307692,0.6153846153846154,19.593220338983052,29.92307692307692,0.23076923076923078,5.43372200355424,0.06622661785325219,7.0,,,,,,36.4,0,0,1,0,,4.538461538461538,88.92307692307692,0.6153846153846154,,15.0,154.0,1.0,19.593220338983052
Marcus Green,WR,La-Monroe,23,203.0,2018.0,12.0,Other,0,0,0,1,0,,,,16.083333333333332,0.08333333333333333,,,,5.833333333333333,1048.0,9.0,87.33333333333333,0.75,14.971428571428573,3.666666666666657,0.3333333333333333,5.318119993844216,0.07018624063435965,,,,,,,0.0,0,0,1,0,,4.166666666666667,71.25,0.6666666666666666,,,,,17.1
Mario Alford,WR,West Virginia,23,238.0,2014.0,13.0,Big 12,0,1,0,0,0,,,,1.0769230769230769,0.0,,,,5.153846153846154,959.0,11.0,73.76923076923077,0.8461538461538461,14.313432835820894,7.2136752136752165,0.6239316239316239,5.476463551931511,0.06482037235521644,1.0,,,,,,2.5,0,0,1,0,,5.0,72.6923076923077,0.8461538461538461,,1.0,15.0,0.0,14.538461538461538
Marquez Stevenson,WR,Houston,23,203.0,2020.0,5.0,Big 12,0,1,0,0,0,,,,3.2,0.0,,,,4.6,323.0,4.0,64.6,0.8,14.043478260869566,-18.400000000000006,0.050000000000000044,5.318119993844216,0.07018624063435965,,,,,,,0.0,0,0,1,0,,4.0,61.4,0.8,,,,,15.35
Marquez Valdes-Scantling,WR,South Florida,23,174.0,2017.0,12.0,Other,0,0,0,1,0,,,,9.0,0.08333333333333333,,,,5.083333333333333,987.0,7.0,82.25,0.5833333333333334,16.180327868852462,50.01923076923077,0.19871794871794873,5.1647859739235145,0.07580980435789034,16.0,,,,,,108.1,0,0,1,0,,4.416666666666667,73.25,0.5,,38.0,581.0,2.0,16.58490566037736
Marquise Brown,WR,Oklahoma,22,25.0,2018.0,14.0,SEC,0,0,0,0,1,,,,0.0,0.0,,,,5.5,1318.0,10.0,94.14285714285714,0.7142857142857143,17.116883116883116,9.912087912087912,0.17582417582417587,3.258096538021482,0.2,14.0,,,,,,146.4,0,0,1,0,,5.357142857142857,94.14285714285714,0.7142857142857143,,46.0,584.0,7.0,17.573333333333334
Marvin Harrison Jr.,WR,Ohio St.,22,4.0,2023.0,12.0,Big Ten,0,0,1,0,0,,,,2.1666666666666665,0.08333333333333333,,,,5.75,1237.0,15.0,103.08333333333333,1.25,17.92753623188406,3.4679487179487154,0.17307692307692313,1.6094379124341003,0.5,17.0,,,,,,198.5,0,0,1,0,,5.583333333333333,100.91666666666667,1.1666666666666667,,62.0,885.0,8.0,18.074626865671643
Marvin Mims,WR,Oklahoma,21,63.0,2022.0,13.0,SEC,0,0,0,0,1,,,,0.23076923076923078,0.0,,,,4.3076923076923075,1086.0,6.0,83.53846153846153,0.46153846153846156,19.392857142857142,28.153846153846146,0.07692307692307693,4.1588830833596715,0.1259881576697424,16.0,,,,,,65.7,0,0,1,0,,4.153846153846154,83.3076923076923,0.46153846153846156,,22.0,377.0,1.0,20.055555555555557
Mecole Hardman,WR,Georgia,21,56.0,2018.0,14.0,SEC,0,0,0,0,1,,,,2.5714285714285716,0.0,,,,2.7857142857142856,568.0,7.0,40.57142857142857,0.5,14.564102564102566,8.638095238095236,0.09999999999999998,4.04305126783455,0.1336306209562122,16.0,,,,,,115.80000000000001,0,0,1,0,,2.4285714285714284,38.0,0.5,,26.0,538.0,6.0,15.647058823529411
Michael Gallup,WR,Colorado St.,22,81.0,2017.0,13.0,Other,0,0,0,1,0,,,,0.0,0.0,,,,7.6923076923076925,1413.0,7.0,108.6923076923077,0.5384615384615384,14.129999999999999,9.692307692307693,-0.5384615384615384,4.406719247264253,0.1111111111111111,16.0,,,,,,95.7,0,0,1,0,,7.6923076923076925,108.6923076923077,0.5384615384615384,,33.0,507.0,2.0,14.13
Michael Pittman Jr.,WR,USC,22,34.0,2019.0,13.0,Big Ten,0,0,1,0,0,,,,0.0,0.0,,,,7.769230769230769,1275.0,11.0,98.07692307692308,0.8461538461538461,12.623762376237625,28.349650349650346,0.30069930069930073,3.5553480614894135,0.17149858514250882,13.0,,,,,,96.30000000000001,0,0,1,0,,7.769230769230769,98.07692307692308,0.8461538461538461,,40.0,503.0,1.0,12.623762376237623
Michael Thomas,WR,Ohio St.,23,47.0,2015.0,13.0,Big Ten,0,0,1,0,0,,,,0.0,0.0,,,,4.3076923076923075,781.0,9.0,60.07692307692308,0.6923076923076923,13.946428571428573,6.8102564102564145,0.09230769230769231,3.871201010907891,0.14586499149789456,15.0,,,,,,259.7,0,0,1,0,,4.3076923076923075,60.07692307692308,0.6923076923076923,,92.0,1137.0,9.0,13.946428571428571
Michael Wilson,WR,Stanford,23,94.0,2022.0,6.0,Other,0,0,0,1,0,,,,7.833333333333333,0.0,,,,5.0,465.0,4.0,77.5,0.6666666666666666,15.5,31.25,0.6666666666666666,4.553876891600541,0.10314212462587934,13.0,,,,,,112.5,0,0,1,0,,4.333333333333333,69.66666666666667,0.6666666666666666,,38.0,565.0,3.0,16.076923076923077
Mike Strachan,WR,Charleston (WV),24,229.0,2020.0,12.0,Other,0,0,0,1,0,,,,1.75,0.08333333333333333,,,,4.666666666666667,705.0,7.0,58.75,0.5833333333333334,12.589285714285714,-26.83333333333333,-0.25,5.438079308923196,0.06608186004550898,6.0,,,,,,4.6,0,0,1,0,,4.5,57.0,0.5,,2.0,26.0,0.0,12.666666666666666
Mike Thomas,WR,Southern Miss,22,206.0,2015.0,13.0,Other,0,0,0,1,0,,,,0.0,0.0,,,,5.461538461538462,1391.0,14.0,107.0,1.0769230769230769,19.591549295774648,57.666666666666664,0.6602564102564101,5.332718793265369,0.06967330142916177,15.0,,,,,,6.7,0,0,1,0,,5.461538461538462,107.0,1.0769230769230769,,3.0,37.0,0.0,19.591549295774648
Mike Williams,WR,Clemson,22,7.0,2016.0,15.0,ACC,1,0,0,0,0,,,,0.0,0.0,,,,6.533333333333333,1361.0,11.0,90.73333333333333,0.7333333333333333,13.887755102040817,70.73333333333333,-0.2666666666666667,2.0794415416798357,0.3779644730092272,10.0,,,,,,20.5,0,0,1,0,,6.533333333333333,90.73333333333333,0.7333333333333333,,11.0,95.0,0.0,13.887755102040817
Miles Boykin,WR,Notre Dame,22,93.0,2018.0,13.0,Other,0,0,0,1,0,,,,0.0,0.0,,,,4.538461538461538,872.0,8.0,67.07692307692308,0.6153846153846154,14.779661016949152,45.99358974358975,0.4487179487179488,4.543294782270004,0.10369516947304253,16.0,,,,,,50.8,0,0,1,0,,4.538461538461538,67.07692307692308,0.6153846153846154,,13.0,198.0,3.0,14.779661016949152
Moritz Boehringer,WR,,22,180.0,2015.0,12.0,Other,0,0,0,1,0,,,,1.6666666666666667,0.0,,,,6.333333333333333,1082.0,8.0,90.16666666666667,0.6666666666666666,14.236842105263158,-55.66666666666667,-0.7500000000000001,5.198497031265826,0.07453559924999299,,,,,,,0.0,0,0,1,0,,6.25,88.5,0.6666666666666666,,,,,14.16
N'Keal Harry,WR,Arizona St.,21,32.0,2018.0,12.0,Big 12,0,1,0,0,0,,,,0.8333333333333334,0.08333333333333333,,,,6.666666666666667,1098.0,10.0,91.5,0.8333333333333334,13.725,-1.3461538461538396,0.21794871794871795,3.4965075614664802,0.17677669529663687,7.0,,,,,,34.5,0,0,1,0,,6.083333333333333,90.66666666666667,0.75,,12.0,105.0,2.0,14.904109589041095
Neal Sterling,WR,Monmouth,23,220.0,2014.0,12.0,Other,0,0,0,1,0,,,,0.0,0.0,,,,3.25,399.0,3.0,33.25,0.25,10.230769230769232,5.795454545454547,0.06818181818181818,5.3981627015177525,0.06741998624632421,9.0,,,,,,0.0,0,0,1,0,,3.25,33.25,0.25,,0.0,0.0,0.0,10.23076923076923
Nelson Agholor,WR,USC,22,20.0,2014.0,13.0,Big Ten,0,0,1,0,0,,,,0.23076923076923078,0.0,,,,8.307692307692308,1316.0,12.0,101.23076923076923,0.9230769230769231,12.185185185185183,35.08791208791209,0.4945054945054946,3.044522437723423,0.22360679774997896,13.0,,,,,,57.3,0,0,1,0,,8.0,101.0,0.9230769230769231,,23.0,283.0,1.0,12.625
Nico Collins,WR,Michigan,22,89.0,2019.0,12.0,Big Ten,0,0,1,0,0,,,,0.0,0.0,,,,3.0833333333333335,729.0,7.0,60.75,0.5833333333333334,19.7027027027027,12.134615384615387,0.1217948717948718,4.499809670330265,0.105999788000636,14.0,,,,,,83.6,0,0,1,0,,3.0833333333333335,60.75,0.5833333333333334,,33.0,446.0,1.0,19.7027027027027
Noah Brown,WR,Ohio St.,21,239.0,2016.0,13.0,Big Ten,0,0,1,0,0,,,,0.0,0.0,,,,2.4615384615384617,402.0,7.0,30.923076923076923,0.5384615384615384,12.5625,30.46853146853147,0.5384615384615384,5.480638923341991,0.06468462273531508,13.0,,,,,,7.300000000000001,0,0,1,0,,2.4615384615384617,30.923076923076923,0.5384615384615384,,4.0,33.0,0.0,12.5625
Olabisi Johnson,WR,Colorado St.,22,247.0,2018.0,11.0,Other,0,0,0,1,0,,,,0.0,0.0,,,,4.909090909090909,796.0,4.0,72.36363636363636,0.36363636363636365,14.74074074074074,22.780303030303024,0.196969696969697,5.5134287461649825,0.06362847629757777,16.0,,,,,,78.4,0,0,1,0,,4.909090909090909,72.36363636363636,0.36363636363636365,,31.0,294.0,3.0,14.74074074074074
Parker Washington,WR,Penn St.,21,185.0,2022.0,10.0,Big Ten,0,0,1,0,0,,,,0.8,0.0,,,,4.8,619.0,2.0,61.9,0.2,12.895833333333334,-2.1000000000000014,-0.1076923076923077,5.225746673713202,0.07352146220938077,9.0,,,,,,41.2,0,0,1,0,,4.6,61.1,0.2,,16.0,132.0,2.0,13.282608695652174
Parris Campbell,WR,Ohio St.,22,59.0,2018.0,14.0,Big Ten,0,0,1,0,0,,,,1.7142857142857142,0.0,,,,7.071428571428571,1087.0,12.0,77.64285714285714,0.8571428571428571,10.97979797979798,22.56593406593406,0.5494505494505494,4.0943445622221,0.13018891098082389,7.0,,,,,,36.7,0,0,1,0,,6.428571428571429,75.92857142857143,0.8571428571428571,,18.0,127.0,1.0,11.811111111111112
Pharoh Cooper,WR,South Carolina,21,117.0,2015.0,12.0,SEC,0,0,0,0,1,,,,9.25,0.08333333333333333,,,,7.5,1084.0,9.0,90.33333333333333,0.75,12.044444444444444,-12.435897435897445,-0.09615384615384615,4.770684624465665,0.09245003270420485,10.0,,,,,,24.6,0,0,1,0,,5.5,81.08333333333333,0.6666666666666666,,14.0,106.0,0.0,14.742424242424242
Phillip Dorsett,WR,Miami (FL),22,29.0,2014.0,13.0,ACC,1,0,0,0,0,,,,-0.46153846153846156,0.0,,,,2.923076923076923,865.0,10.0,66.53846153846153,0.7692307692307693,22.763157894736842,27.68131868131868,0.4835164835164836,3.4011973816621555,0.18569533817705186,11.0,,,,,,46.5,0,0,1,0,,2.769230769230769,67.0,0.7692307692307693,,18.0,225.0,1.0,24.194444444444443
Puka Nacua,WR,BYU,22,177.0,2022.0,9.0,Big 12,0,1,0,0,0,,,,23.22222222222222,0.5555555555555556,,,,8.11111111111111,834.0,10.0,92.66666666666667,1.1111111111111112,11.424657534246576,13.25,0.6111111111111112,5.181783550292085,0.07516460280028289,17.0,,,,,,289.6,0,0,1,0,,5.333333333333333,69.44444444444444,0.5555555555555556,,105.0,1486.0,6.0,13.020833333333334
Quentin Johnston,WR,TCU,22,21.0,2022.0,14.0,Big 12,0,1,0,0,0,,,,-0.5,0.0,,,,4.5,1062.0,6.0,75.85714285714286,0.42857142857142855,16.857142857142858,4.07936507936509,-0.23809523809523808,3.091042453358316,0.2182178902359924,17.0,,,,,,93.1,0,0,1,0,,4.285714285714286,76.35714285714286,0.42857142857142855,,38.0,431.0,2.0,17.816666666666666
Quez Watkins,WR,Southern Miss,22,200.0,2019.0,12.0,Other,0,0,0,1,0,,,,0.08333333333333333,0.0,,,,5.416666666666667,1179.0,6.0,98.25,0.5,18.138461538461538,16.431818181818187,-0.31818181818181823,5.303304908059076,0.07071067811865475,6.0,,,,,,23.6,0,0,1,0,,5.333333333333333,98.16666666666667,0.5,,7.0,106.0,1.0,18.40625
Quintez Cephus,WR,Wisconsin,22,166.0,2019.0,14.0,Big Ten,0,0,1,0,0,,,,0.0,0.0,,,,4.214285714285714,901.0,7.0,64.35714285714286,0.5,15.271186440677965,13.75714285714286,-0.09999999999999998,5.117993812416755,0.07761505257063328,13.0,,,,,,66.9,0,0,1,0,,4.214285714285714,64.35714285714286,0.5,,20.0,349.0,2.0,15.271186440677965
Racey McMath,WR,LSU,22,205.0,2020.0,6.0,SEC,0,0,0,0,1,,,,0.0,0.0,,,,2.3333333333333335,195.0,1.0,32.5,0.16666666666666666,13.928571428571429,12.142857142857142,-0.047619047619047616,5.327876168789581,0.06984302957695782,9.0,,,,,,2.8,0,0,1,0,,2.3333333333333335,32.5,0.16666666666666666,,2.0,8.0,0.0,13.928571428571429
Rashad Greene,WR,Florida St.,22,139.0,2014.0,14.0,ACC,1,0,0,0,0,,,,-0.14285714285714285,0.0,,,,7.142857142857143,1363.0,7.0,97.35714285714286,0.5,13.629999999999999,16.142857142857153,-0.1428571428571429,4.941642422609304,0.08481889296799709,9.0,,,,,,40.3,0,0,1,0,,7.071428571428571,97.5,0.5,,19.0,93.0,2.0,13.787878787878787
Rashard Higgins,WR,Colorado St.,21,172.0,2015.0,12.0,Other,0,0,0,1,0,,,,1.6666666666666667,0.0,,,,6.333333333333333,1082.0,8.0,90.16666666666667,0.6666666666666666,14.236842105263158,-55.66666666666667,-0.7500000000000001,5.153291594497779,0.07624928516630233,16.0,,,,,,13.7,0,0,1,0,,6.25,88.5,0.6666666666666666,,6.0,77.0,0.0,14.16
Rashee Rice,WR,SMU,23,55.0,2022.0,12.0,ACC,1,0,0,0,0,,,,0.0,0.0,,,,8.0,1355.0,10.0,112.91666666666667,0.8333333333333334,14.114583333333334,57.083333333333336,0.08333333333333337,4.02535169073515,0.13483997249264842,16.0,,,,,,214.8,0,0,1,0,,8.0,112.91666666666667,0.8333333333333334,,79.0,938.0,7.0,14.114583333333334
Rashod Bateman,WR,Minnesota,21,27.0,2020.0,5.0,Big Ten,0,0,1,0,0,,,,0.0,0.0,,,,7.2,472.0,2.0,94.4,0.4,13.11111111111111,0.6307692307692321,-0.4461538461538461,3.332204510175204,0.19245008972987526,12.0,,,,,,103.5,0,0,1,0,,7.2,94.4,0.4,,46.0,515.0,1.0,13.11111111111111
Ray-Ray McCloud,WR,Clemson,21,187.0,2017.0,14.0,ACC,1,0,0,0,0,,,,2.142857142857143,0.0,,,,3.9285714285714284,533.0,1.0,38.07142857142857,0.07142857142857142,9.690909090909091,2.357142857142854,-0.07142857142857142,5.236441962829949,0.07312724241271307,10.0,,,,,,8.6,0,0,1,0,,3.5,35.92857142857143,0.07142857142857142,,5.0,36.0,0.0,10.26530612244898
Ricardo Louis,WR,Auburn,22,114.0,2015.0,13.0,SEC,0,0,0,0,1,,,,12.153846153846153,0.07692307692307693,,,,5.769230769230769,874.0,4.0,67.23076923076923,0.3076923076923077,11.653333333333334,27.14743589743589,-0.025641025641025605,4.74493212836325,0.0936585811581694,16.0,,,,,,38.5,0,0,1,0,,3.5384615384615383,55.07692307692308,0.23076923076923078,,18.0,205.0,0.0,15.565217391304348
Richie James,WR,Middle Tenn. St.,23,240.0,2017.0,5.0,Other,0,0,0,1,0,,,,11.4,0.0,,,,8.2,347.0,3.0,69.4,0.6,8.463414634146343,-81.67692307692306,-0.6307692307692309,5.484796933490655,0.06454972243679027,13.0,,,,,,28.0,0,0,1,0,,6.2,58.0,0.6,,9.0,130.0,1.0,9.35483870967742
Ricky Pearsall,WR,Florida,23,31.0,2023.0,12.0,SEC,0,0,0,0,1,,,,5.166666666666667,0.16666666666666666,,,,5.666666666666667,1027.0,6.0,85.58333333333333,0.5,15.102941176470587,26.04487179487179,0.038461538461538436,3.4657359027997265,0.1796053020267749,11.0,,,,,,89.0,0,0,1,0,,5.416666666666667,80.41666666666667,0.3333333333333333,,31.0,400.0,3.0,14.846153846153847
Riley Ridley,WR,Georgia,23,126.0,2018.0,14.0,SEC,0,0,0,0,1,,,,0.0,0.0,,,,3.142857142857143,570.0,9.0,40.714285714285715,0.6428571428571429,12.954545454545455,24.785714285714285,0.5,4.844187086458591,0.0890870806374748,5.0,,,,,,12.9,0,0,1,0,,3.142857142857143,40.714285714285715,0.6428571428571429,,6.0,69.0,0.0,12.954545454545455
Robert Davis,WR,Georgia St.,22,209.0,2016.0,12.0,Other,0,0,0,1,0,,,,0.0,0.0,,,,5.583333333333333,968.0,5.0,80.66666666666667,0.4166666666666667,14.447761194029852,5.282051282051285,-0.04487179487179488,5.3471075307174685,0.06917144638660747,1.0,,,,,,0.0,0,0,1,0,,5.583333333333333,80.66666666666667,0.4166666666666667,,0.0,0.0,0.0,14.447761194029852
Rodney Adams,WR,South Florida,22,170.0,2016.0,13.0,Other,0,0,0,1,0,,,,17.76923076923077,0.38461538461538464,,,,6.923076923076923,1053.0,10.0,81.0,0.7692307692307693,11.7,11.538461538461533,0.0,5.14166355650266,0.07669649888473704,,,,,,,0.0,0,0,1,0,,5.153846153846154,63.23076923076923,0.38461538461538464,,,,,12.26865671641791
Roman Wilson,WR,Michigan,23,84.0,2023.0,15.0,Big Ten,0,0,1,0,0,,,,0.6666666666666666,0.0,,,,3.2666666666666666,799.0,12.0,53.266666666666666,0.8,16.306122448979593,18.68333333333333,0.30000000000000004,4.442651256490317,0.1091089451179962,,,,,,,0.0,0,0,1,0,,3.2,52.6,0.8,,,,,16.4375
Rome Odunze,WR,Washington,22,9.0,2023.0,15.0,Big Ten,0,0,1,0,0,,,,2.466666666666667,0.06666666666666667,,,,6.266666666666667,1677.0,14.0,111.8,0.9333333333333333,17.840425531914892,15.883333333333326,0.2666666666666667,2.302585092994046,0.3333333333333333,17.0,,,,,,145.4,0,0,1,0,,6.133333333333334,109.33333333333333,0.8666666666666667,,54.0,734.0,3.0,17.82608695652174
Romeo Doubs,WR,Nevada,22,132.0,2021.0,11.0,Other,0,0,0,1,0,,,,0.36363636363636365,0.0,,,,7.363636363636363,1113.0,11.0,101.18181818181819,1.0,13.74074074074074,-9.707070707070699,0.0,4.890349128221754,0.08703882797784893,13.0,,,,,,102.5,0,0,1,0,,7.2727272727272725,100.81818181818181,1.0,,42.0,425.0,3.0,13.8625
Rondale Moore,WR,Purdue,21,49.0,2020.0,3.0,Big Ten,0,0,1,0,0,,,,10.666666666666666,0.3333333333333333,,,,13.666666666666666,302.0,1.0,100.66666666666667,0.3333333333333333,7.365853658536586,3.1666666666666714,-0.16666666666666669,3.912023005428146,0.14285714285714285,14.0,,,,,,103.5,0,0,1,0,,11.666666666666666,90.0,0.0,,54.0,435.0,1.0,7.714285714285714
Ronnie Bell,WR,Michigan,23,253.0,2022.0,14.0,Big Ten,0,0,1,0,0,,,,1.6428571428571428,0.07142857142857142,,,,4.642857142857143,912.0,5.0,65.14285714285714,0.35714285714285715,14.030769230769229,-10.857142857142861,-0.6428571428571428,5.537334267018537,0.06286946134619315,17.0,,,,,,30.8,0,0,1,0,,4.428571428571429,63.5,0.2857142857142857,,6.0,68.0,3.0,14.338709677419354
Ryan Flournoy,WR,SE Missouri St.,24,216.0,2023.0,14.0,Other,0,0,0,1,0,,,,1.2857142857142858,0.0,,,,3.2142857142857144,523.0,1.0,37.357142857142854,0.07142857142857142,11.622222222222222,-12.7967032967033,-0.005494505494505503,5.37989735354046,0.06804138174397717,11.0,,,,,,20.200000000000003,0,0,1,0,,3.0,36.07142857142857,0.07142857142857142,,10.0,102.0,0.0,12.023809523809524
Ryan Switzer,WR,North Carolina,22,133.0,2016.0,13.0,ACC,1,0,0,0,0,,,,1.0769230769230769,0.0,,,,7.615384615384615,1126.0,6.0,86.61538461538461,0.46153846153846156,11.373737373737374,36.4010989010989,0.032967032967033016,4.897839799950911,0.086710996952412,16.0,,,,,,10.100000000000001,0,0,1,0,,7.384615384615385,85.53846153846153,0.46153846153846156,,6.0,41.0,0.0,11.583333333333334
Sammie Coates,WR,Auburn,22,87.0,2014.0,12.0,SEC,0,0,0,0,1,,,,0.0,0.0,,,,2.8333333333333335,741.0,4.0,61.75,0.3333333333333333,21.794117647058822,-7.634615384615387,-0.20512820512820512,4.477336814478207,0.10721125348377948,6.0,,,,,,2.1,0,0,1,0,,2.8333333333333335,61.75,0.3333333333333333,,1.0,11.0,0.0,21.794117647058822
Samori Toure,WR,Nebraska,24,258.0,2021.0,12.0,Big Ten,0,0,1,0,0,,,,5.25,0.08333333333333333,,,,4.5,961.0,6.0,80.08333333333333,0.5,17.796296296296294,0.0,0.0,5.556828061699537,0.062257280636469035,11.0,,,,,,19.200000000000003,0,0,1,0,,3.8333333333333335,74.83333333333333,0.4166666666666667,,5.0,82.0,1.0,19.52173913043478
Scott Miller,WR,Bowling Green,22,208.0,2018.0,11.0,Other,0,0,0,1,0,,,,1.4545454545454546,0.0,,,,6.818181818181818,1164.0,9.0,105.81818181818181,0.8181818181818182,15.52,43.81818181818181,0.4848484848484849,5.342334251964811,0.06933752452815364,10.0,,,,,,39.0,0,0,1,0,,6.454545454545454,104.36363636363636,0.8181818181818182,,13.0,200.0,1.0,16.169014084507044
Seth Williams,WR,Auburn,21,219.0,2020.0,11.0,SEC,0,0,0,0,1,,,,0.0,0.0,,,,4.2727272727272725,760.0,4.0,69.0909090909091,0.36363636363636365,16.170212765957448,-0.07575757575757791,-0.303030303030303,5.393627546352362,0.06757373783994859,2.0,,,,,,4.4,0,0,1,0,,4.2727272727272725,69.0909090909091,0.36363636363636365,,1.0,34.0,0.0,16.170212765957448
Shelton Gibson,WR,West Virginia,23,166.0,2016.0,13.0,Big 12,0,1,0,0,0,,,,2.230769230769231,0.0,,,,3.4615384615384617,980.0,8.0,75.38461538461539,0.6153846153846154,21.777777777777775,7.15384615384616,-0.07692307692307687,5.117993812416755,0.07761505257063328,5.0,,,,,,3.1,0,0,1,0,,3.3076923076923075,73.15384615384616,0.6153846153846154,,2.0,11.0,0.0,22.11627906976744
Shi Smith,WR,South Carolina,22,204.0,2020.0,9.0,SEC,0,0,0,0,1,,,,0.6666666666666666,0.0,,,,7.0,639.0,4.0,71.0,0.4444444444444444,10.142857142857144,21.299999999999997,0.2444444444444444,5.3230099791384085,0.07001400420140048,6.0,,,,,,16.4,0,0,1,0,,6.333333333333333,70.33333333333333,0.4444444444444444,,6.0,104.0,0.0,11.105263157894736
Simi Fehoko,WR,Stanford,23,179.0,2020.0,6.0,Other,0,0,0,1,0,,,,-0.16666666666666666,0.0,,,,6.333333333333333,573.0,3.0,95.5,0.5,15.078947368421053,48.333333333333336,0.0,5.19295685089021,0.07474350927519359,5.0,,,,,,0.0,0,0,1,0,,6.166666666666667,95.66666666666667,0.5,,0.0,0.0,0.0,15.513513513513514
Skyy Moore,WR,Western Michigan,21,54.0,2021.0,12.0,Other,0,0,0,1,0,,,,0.8333333333333334,0.0,,,,8.0,1302.0,9.0,108.5,0.75,13.5625,30.900000000000006,0.15000000000000002,4.007333185232471,0.13608276348795434,16.0,,,,,,47.0,0,0,1,0,,7.916666666666667,107.66666666666667,0.75,,22.0,250.0,0.0,13.6
Stacy Coley,WR,Miami (FL),23,219.0,2016.0,13.0,ACC,1,0,0,0,0,,,,0.0,0.0,,,,4.846153846153846,754.0,9.0,58.0,0.6923076923076923,11.968253968253968,-6.36363636363636,0.32867132867132864,5.393627546352362,0.06757373783994859,3.0,,,,,,0.0,0,0,1,0,,4.846153846153846,58.0,0.6923076923076923,,0.0,0.0,0.0,11.968253968253968
Stefon Diggs,WR,Maryland,21,146.0,2014.0,10.0,Big Ten,0,0,1,0,0,,,,2.8,0.0,,,,6.7,820.0,5.0,82.0,0.5,12.238805970149254,-8.285714285714292,0.07142857142857145,4.990432586778736,0.0827605888602368,13.0,,,,,,148.0,0,0,1,0,,6.2,79.2,0.5,,52.0,720.0,4.0,12.774193548387096
Sterling Shepard,WR,Oklahoma,23,40.0,2015.0,13.0,SEC,0,0,0,0,1,,,,0.38461538461538464,0.0,,,,6.6923076923076925,1293.0,11.0,99.46153846153847,0.8461538461538461,14.86206896551724,15.211538461538467,0.42948717948717946,3.713572066704308,0.15811388300841897,16.0,,,,,,181.3,0,0,1,0,,6.615384615384615,99.07692307692308,0.8461538461538461,,65.0,683.0,8.0,14.976744186046512
Tahj Washington,WR,USC,23,241.0,2023.0,13.0,Big Ten,0,0,1,0,0,,,,0.7692307692307693,0.0,,,,4.615384615384615,1072.0,8.0,82.46153846153847,0.6153846153846154,17.866666666666667,26.390109890109898,0.18681318681318687,5.488937726156687,0.06441566264008308,,,,,,,0.0,0,0,1,0,,4.538461538461538,81.6923076923077,0.6153846153846154,,,,,18.0
Tajae Sharpe,WR,Massachusetts,21,140.0,2015.0,12.0,Other,0,0,0,1,0,,,,-0.25,0.0,,,,9.333333333333334,1316.0,5.0,109.66666666666667,0.4166666666666667,11.75,1.75,-0.16666666666666669,4.948759890378168,0.08451542547285165,16.0,,,,,,105.2,0,0,1,0,,9.25,109.91666666666667,0.4166666666666667,,41.0,522.0,2.0,11.882882882882884
Tank Dell,WR,Houston,23,69.0,2022.0,13.0,Big 12,0,1,0,0,0,,,,0.6923076923076923,0.0,,,,8.692307692307692,1407.0,17.0,108.23076923076923,1.3076923076923077,12.45132743362832,12.945054945054935,0.4505494505494506,4.248495242049359,0.1203858530857692,11.0,,,,,,159.9,0,0,1,0,,8.384615384615385,107.53846153846153,1.3076923076923077,,47.0,709.0,7.0,12.825688073394495
Taywan Taylor,WR,Western Kentucky,22,72.0,2016.0,14.0,Other,0,0,0,1,0,,,,2.5714285714285716,0.0,,,,7.428571428571429,1766.0,17.0,126.14285714285714,1.2142857142857142,16.98076923076923,22.0,0.0,4.290459441148391,0.11785113019775793,16.0,,,,,,45.1,0,0,1,0,,7.0,123.57142857142857,1.2142857142857142,,16.0,231.0,1.0,17.653061224489797
Tee Higgins,WR,Clemson,21,33.0,2019.0,15.0,ACC,1,0,0,0,0,,,,2.4,0.06666666666666667,,,,4.0,1203.0,14.0,80.2,0.9333333333333333,20.05,17.800000000000004,0.1333333333333333,3.5263605246161616,0.17407765595569785,16.0,,,,,,193.8,0,0,1,0,,3.933333333333333,77.8,0.8666666666666667,,67.0,908.0,6.0,19.779661016949152
Tejhaun Palmer,WR,Ala-Birmingham,24,191.0,2023.0,12.0,Other,0,0,0,1,0,,,,0.0,0.0,,,,3.9166666666666665,858.0,7.0,71.5,0.5833333333333334,18.25531914893617,34.65384615384615,0.4294871794871795,5.2574953720277815,0.07235746052924216,,,,,,,0.0,0,0,1,0,,3.9166666666666665,71.5,0.5833333333333334,,,,,18.25531914893617
Terrace Marshall Jr.,WR,LSU,21,59.0,2020.0,7.0,SEC,0,0,0,0,1,,,,0.0,0.0,,,,6.857142857142857,731.0,10.0,104.42857142857143,1.4285714285714286,15.229166666666668,48.511904761904766,0.34523809523809534,4.0943445622221,0.13018891098082389,13.0,,,,,,30.8,0,0,1,0,,6.857142857142857,104.42857142857143,1.4285714285714286,,17.0,138.0,0.0,15.229166666666666
Terry Godwin,WR,Georgia,22,237.0,2018.0,13.0,SEC,0,0,0,0,1,,,,0.0,0.0,,,,1.6923076923076923,373.0,3.0,28.692307692307693,0.23076923076923078,16.954545454545453,-13.907692307692308,-0.16923076923076924,5.472270673671475,0.06495698024616309,3.0,,,,,,6.2,0,0,1,0,,1.6923076923076923,28.692307692307693,0.23076923076923078,,3.0,32.0,0.0,16.954545454545453
Terry McLaurin,WR,Ohio St.,23,76.0,2018.0,14.0,Big Ten,0,0,1,0,0,,,,0.0,0.0,,,,2.5,701.0,11.0,50.07142857142857,0.7857142857142857,20.02857142857143,18.928571428571427,0.35714285714285715,4.343805421853684,0.11470786693528087,14.0,,,,,,191.9,0,0,1,0,,2.5,50.07142857142857,0.7857142857142857,,58.0,919.0,7.0,20.02857142857143
Tony Lippett,WR,Michigan St.,23,156.0,2014.0,13.0,Big Ten,0,0,1,0,0,,,,3.923076923076923,0.07692307692307693,,,,5.153846153846154,1249.0,12.0,96.07692307692308,0.9230769230769231,18.641791044776117,44.743589743589745,0.7564102564102565,5.056245805348308,0.08006407690254357,,,,,,,0.0,0,0,1,0,,5.0,92.15384615384616,0.8461538461538461,,,,,18.43076923076923
Travis Fulgham,WR,Old Dominion,23,184.0,2018.0,12.0,Other,0,0,0,1,0,,,,0.0,0.0,,,,5.25,1083.0,9.0,90.25,0.75,17.19047619047619,57.416666666666664,0.6666666666666666,5.220355825078324,0.07372097807744857,3.0,,,,,,0.0,0,0,1,0,,5.25,90.25,0.75,,0.0,0.0,0.0,17.19047619047619
Tre McBride,WR,William & Mary,22,245.0,2014.0,13.0,Other,0,0,0,1,0,,,,1.0769230769230769,0.0,,,,5.153846153846154,959.0,11.0,73.76923076923077,0.8461538461538461,14.313432835820894,7.2136752136752165,0.6239316239316239,5.5053315359323625,0.06388765649999399,7.0,,,,,,8.8,0,0,1,0,,5.0,72.6923076923077,0.8461538461538461,,2.0,8.0,1.0,14.538461538461538
Tre Nixon,WR,Central Florida,23,242.0,2020.0,4.0,Big 12,0,1,0,0,0,,,,0.0,0.0,,,,4.75,260.0,2.0,65.0,0.5,13.68421052631579,1.1538461538461533,-0.038461538461538436,5.493061443340548,0.0642824346533225,,,,,,,0.0,0,0,1,0,,4.75,65.0,0.5,,,,,13.68421052631579
Tre Tucker,WR,Cincinnati,22,100.0,2022.0,12.0,Big 12,0,1,0,0,0,,,,0.6666666666666666,0.0,,,,4.416666666666667,679.0,3.0,56.583333333333336,0.25,12.81132075471698,25.29761904761905,0.10714285714285715,4.61512051684126,0.1,16.0,,,,,,64.1,0,0,1,0,,4.333333333333333,55.916666666666664,0.25,,19.0,331.0,2.0,12.903846153846153
Tre'Quan Smith,WR,Central Florida,22,91.0,2017.0,13.0,Big 12,0,1,0,0,0,,,,1.7692307692307692,0.07692307692307693,,,,4.923076923076923,1194.0,14.0,91.84615384615384,1.0769230769230769,18.65625,26.230769230769226,0.6923076923076923,4.5217885770490405,0.10482848367219183,15.0,,,,,,100.7,0,0,1,0,,4.538461538461538,90.07692307692308,1.0,,28.0,427.0,5.0,19.847457627118644
Trent Taylor,WR,Louisiana Tech,23,177.0,2016.0,14.0,Other,0,0,0,1,0,,,,0.0,0.0,,,,9.714285714285714,1803.0,12.0,128.78571428571428,0.8571428571428571,13.257352941176473,30.170329670329664,0.1648351648351648,5.181783550292085,0.07516460280028289,15.0,,,,,,98.0,0,0,1,0,,9.714285714285714,128.78571428571428,0.8571428571428571,,43.0,430.0,2.0,13.257352941176471
Trevor Davis,WR,California,23,163.0,2015.0,13.0,Other,0,0,0,1,0,,,,0.3076923076923077,0.0,,,,3.3076923076923075,676.0,2.0,52.0,0.15384615384615385,15.720930232558139,12.100000000000001,-0.34615384615384615,5.099866427824199,0.07832604499879574,11.0,,,,,,11.4,0,0,1,0,,3.076923076923077,51.69230769230769,0.15384615384615385,,3.0,24.0,1.0,16.8
Trey Palmer,WR,Nebraska,22,191.0,2022.0,12.0,Big Ten,0,0,1,0,0,,,,6.25,0.0,,,,6.333333333333333,1118.0,9.0,93.16666666666667,0.75,14.710526315789474,61.8939393939394,0.4772727272727273,5.2574953720277815,0.07235746052924216,17.0,,,,,,95.5,0,0,1,0,,5.916666666666667,86.91666666666667,0.75,,39.0,385.0,3.0,14.690140845070422
Trey Quinn,WR,SMU,22,256.0,2017.0,13.0,ACC,1,0,0,0,0,,,,0.0,0.0,,,,8.846153846153847,1236.0,13.0,95.07692307692308,1.0,10.74782608695652,88.16025641025641,1.0,5.54907608489522,0.0625,3.0,,,,,,22.5,0,0,1,0,,8.76923076923077,95.07692307692308,1.0,,9.0,75.0,1.0,10.842105263157896
Treylon Burks,WR,Arkansas,22,18.0,2021.0,12.0,SEC,0,0,0,0,1,,,,9.333333333333334,0.08333333333333333,,,,6.666666666666667,1216.0,12.0,101.33333333333333,1.0,15.200000000000001,1.8888888888888857,0.2222222222222222,2.9444389791664403,0.23570226039551587,11.0,,,,,,83.4,0,0,1,0,,5.5,92.0,0.9166666666666666,,33.0,444.0,1.0,16.727272727272727
Troy Franklin,WR,Oregon,21,102.0,2023.0,13.0,Big Ten,0,0,1,0,0,,,,0.0,0.0,,,,6.230769230769231,1383.0,14.0,106.38461538461539,1.0769230769230769,17.074074074074073,37.846153846153854,0.3846153846153846,4.634728988229636,0.09901475429766744,16.0,,,,,,66.3,0,0,1,0,,6.230769230769231,106.38461538461539,1.0769230769230769,,28.0,263.0,2.0,17.074074074074073
Tutu Atwell,WR,Louisville,21,57.0,2020.0,9.0,ACC,1,0,0,0,0,,,,-0.2222222222222222,0.1111111111111111,,,,5.333333333333333,623.0,8.0,69.22222222222223,0.8888888888888888,12.979166666666666,-31.16239316239316,-0.03418803418803429,4.060443010546419,0.13245323570650439,8.0,,,,,,0.0,0,0,1,0,,5.111111111111111,69.44444444444444,0.7777777777777778,,0.0,0.0,0.0,13.58695652173913
Ty Montgomery,WR,Stanford,22,94.0,2014.0,11.0,Other,0,0,0,1,0,,,,13.090909090909092,0.09090909090909091,,,,7.636363636363637,748.0,4.0,68.0,0.36363636363636365,8.904761904761905,-11.785714285714292,-0.49350649350649345,4.553876891600541,0.10314212462587934,,,,,,,0.0,0,0,1,0,,5.545454545454546,54.90909090909091,0.2727272727272727,,,,,9.901639344262295
Tylan Wallace,WR,Oklahoma St.,22,131.0,2020.0,10.0,Big 12,0,1,0,0,0,,,,0.7,0.0,,,,6.0,929.0,6.0,92.9,0.6,15.483333333333334,-7.433333333333323,-0.28888888888888886,4.882801922586371,0.0873704056661038,17.0,,,,,,4.300000000000001,0,0,1,0,,5.9,92.2,0.6,,2.0,23.0,0.0,15.627118644067796
Tyler Boyd,WR,Pittsburgh,21,55.0,2015.0,12.0,ACC,1,0,0,0,0,,,,29.083333333333332,0.0,,,,10.916666666666666,1275.0,6.0,106.25,0.5,9.732824427480915,4.40384615384616,-0.11538461538461542,4.02535169073515,0.13483997249264842,16.0,,,,,,120.30000000000001,0,0,1,0,,7.583333333333333,77.16666666666667,0.5,,54.0,603.0,1.0,10.175824175824175
Tyler Johnson,WR,Minnesota,22,161.0,2019.0,11.0,Big Ten,0,0,1,0,0,,,,0.0,0.0,,,,6.545454545454546,1107.0,10.0,100.63636363636364,0.9090909090909091,15.375,10.71328671328672,-0.013986013986014068,5.087596335232384,0.07881104062391006,14.0,,,,,,40.900000000000006,0,0,1,0,,6.545454545454546,100.63636363636364,0.9090909090909091,,12.0,169.0,2.0,15.375
Tyler Lockett,WR,Kansas St.,22,69.0,2014.0,13.0,Big 12,0,1,0,0,0,,,,1.3076923076923077,0.0,,,,8.384615384615385,1532.0,11.0,117.84615384615384,0.8461538461538461,14.055045871559631,11.84615384615384,-0.07051282051282048,4.248495242049359,0.1203858530857692,16.0,,,,,,153.4,0,0,1,0,,8.153846153846153,116.53846153846153,0.8461538461538461,,51.0,664.0,6.0,14.29245283018868
Tyler Scott,WR,Cincinnati,21,133.0,2022.0,11.0,Big 12,0,1,0,0,0,,,,0.0,0.0,,,,4.909090909090909,899.0,9.0,81.72727272727273,0.8181818181818182,16.64814814814815,44.58441558441559,0.4610389610389611,4.897839799950911,0.086710996952412,17.0,,,,,,33.8,0,0,1,0,,4.909090909090909,81.72727272727273,0.8181818181818182,,17.0,168.0,0.0,16.64814814814815
Tyquan Thornton,WR,Baylor,21,50.0,2021.0,14.0,Big 12,0,1,0,0,0,,,,-0.7857142857142857,0.0,,,,4.5,937.0,10.0,66.92857142857143,0.7142857142857143,14.873015873015873,40.5952380952381,0.5476190476190477,3.9318256327243257,0.1414213562373095,13.0,,,,,,58.7,0,0,1,0,,4.428571428571429,67.71428571428571,0.7142857142857143,,22.0,247.0,2.0,15.290322580645162
Tyreek Hill,WR,West Alabama,22,165.0,2015.0,13.0,Other,0,0,0,1,0,,,,0.3076923076923077,0.0,,,,3.3076923076923075,676.0,2.0,52.0,0.15384615384615385,15.720930232558139,12.100000000000001,-0.34615384615384615,5.111987788356544,0.0778498944161523,16.0,,,,,,156.3,0,0,1,0,,3.076923076923077,51.69230769230769,0.15384615384615385,,61.0,593.0,6.0,16.8
Tyrie Cleveland,WR,Florida,22,252.0,2019.0,13.0,SEC,0,0,0,0,1,,,,0.0,0.0,,,,1.9230769230769231,351.0,1.0,27.0,0.07692307692307693,14.04,9.333333333333332,-0.17307692307692307,5.53338948872752,0.0629940788348712,10.0,,,,,,12.3,0,0,1,0,,1.9230769230769231,27.0,0.07692307692307693,,6.0,63.0,0.0,14.04
Van Jefferson,WR,Florida,24,57.0,2019.0,13.0,SEC,0,0,0,0,1,,,,0.5384615384615384,0.0,,,,3.8461538461538463,664.0,6.0,51.07692307692308,0.46153846153846156,13.28,12.384615384615387,0.0,4.060443010546419,0.13245323570650439,16.0,,,,,,47.0,0,0,1,0,,3.769230769230769,50.53846153846154,0.46153846153846156,,19.0,220.0,1.0,13.408163265306122
Velus Jones Jr.,WR,Tennessee,25,71.0,2021.0,13.0,SEC,0,0,0,0,1,,,,1.1538461538461537,0.0,,,,4.846153846153846,822.0,7.0,63.23076923076923,0.5384615384615384,13.047619047619047,33.63076923076923,0.23846153846153845,4.276666119016055,0.11867816581938533,,,,,,,0.0,0,0,1,0,,4.769230769230769,62.07692307692308,0.5384615384615384,,,,,13.016129032258064
Vince Mayle,WR,Washington St.,24,123.0,2014.0,12.0,Other,0,0,0,1,0,,,,0.0,0.0,,,,8.833333333333334,1483.0,9.0,123.58333333333333,0.75,13.990566037735848,74.58333333333333,0.11363636363636365,4.820281565605037,0.09016696346674323,,,,,,,0.0,0,0,1,0,,8.833333333333334,123.58333333333333,0.75,,,,,13.99056603773585
Wan'Dale Robinson,WR,Kentucky,21,43.0,2021.0,13.0,SEC,0,0,0,0,1,,,,8.538461538461538,0.0,,,,8.538461538461538,1445.0,7.0,111.15384615384616,0.5384615384615384,13.018018018018019,23.52884615384616,0.28846153846153844,3.784189633918261,0.15249857033260467,6.0,,,,,,51.7,0,0,1,0,,8.0,102.61538461538461,0.5384615384615384,,23.0,227.0,1.0,12.826923076923077
Will Fuller,WR,Notre Dame,22,21.0,2015.0,13.0,Other,0,0,0,1,0,,,,0.0,0.0,,,,4.769230769230769,1258.0,14.0,96.76923076923077,1.0769230769230769,20.29032258064516,12.615384615384613,-0.07692307692307687,3.091042453358316,0.2182178902359924,14.0,,,,,,122.5,0,0,1,0,,4.769230769230769,96.76923076923077,1.0769230769230769,,47.0,635.0,2.0,20.29032258064516
Xavier Hutchinson,WR,Iowa St.,23,205.0,2022.0,12.0,Big 12,0,1,0,0,0,,,,0.0,0.0,,,,8.916666666666666,1171.0,6.0,97.58333333333333,0.5,10.94392523364486,20.275641025641022,0.11538461538461536,5.327876168789581,0.06984302957695782,16.0,,,,,,17.0,0,0,1,0,,8.916666666666666,97.58333333333333,0.5,,8.0,90.0,0.0,10.94392523364486
Xavier Legette,WR,South Carolina,23,32.0,2023.0,12.0,SEC,0,0,0,0,1,,,,-0.75,0.0,,,,6.666666666666667,1246.0,7.0,103.83333333333333,0.5833333333333334,15.575000000000001,89.37179487179486,0.3525641025641026,3.4965075614664802,0.17677669529663687,16.0,,,,,,122.7,0,0,1,0,,5.916666666666667,104.58333333333333,0.5833333333333334,,49.0,497.0,4.0,17.676056338028168
Xavier Worthy,WR,Texas,21,28.0,2023.0,14.0,SEC,0,0,0,0,1,,,,2.5,0.0,,,,5.642857142857143,1049.0,5.0,74.92857142857143,0.35714285714285715,13.278481012658228,15.39010989010989,-0.33516483516483514,3.367295829986474,0.1889822365046136,17.0,,,,,,158.8,0,0,1,0,,5.357142857142857,72.42857142857143,0.35714285714285715,,59.0,638.0,6.0,13.52
Zay Flowers,WR,Boston Col.,22,22.0,2022.0,12.0,Other,0,0,0,1,0,,,,3.3333333333333335,0.0,,,,7.5,1117.0,12.0,93.08333333333333,1.0,12.411111111111111,25.166666666666657,0.5833333333333333,3.1354942159291497,0.21320071635561041,16.0,,,,,,192.8,0,0,1,0,,6.5,89.75,1.0,,77.0,858.0,5.0,13.807692307692308
Zay Jones,WR,East Carolina,22,37.0,2016.0,12.0,Other,0,0,0,1,0,,,,2.0,0.0,,,,13.5,1770.0,8.0,147.5,0.6666666666666666,10.925925925925926,56.41666666666667,0.24999999999999994,3.6375861597263857,0.1643989873053573,15.0,,,,,,70.6,0,0,1,0,,13.166666666666666,145.5,0.6666666666666666,,27.0,316.0,2.0,11.050632911392405
A.J. Derby,TE,Arkansas,23,202.0,2014.0,11.0,SEC,0,0,0,0,1,,,,-0.5454545454545454,0.0,,,,2.090909090909091,297.0,3.0,27.0,0.2727272727272727,12.91304347826087,26.6,0.2727272727272727,5.313205979041787,0.07035975447302918,10.0,,,,,,32.0,0,0,0,1,,2.0,27.545454545454547,0.2727272727272727,,16.0,160.0,0.0,13.772727272727273
AJ Barner,TE,Michigan,22,121.0,2023.0,15.0,Big Ten,0,0,1,0,0,,,,0.0,0.0,,,,1.4666666666666666,249.0,1.0,16.6,0.06666666666666667,11.318181818181818,-3.299999999999997,-0.23333333333333334,4.804021044733257,0.09090909090909091,17.0,,,,,,78.5,0,0,0,1,,1.4666666666666666,16.6,0.06666666666666667,,30.0,245.0,4.0,11.318181818181818
Adam Shaheen,TE,Ashland,22,45.0,2016.0,13.0,Other,0,0,0,1,0,,,,0.0,0.0,,,,3.769230769230769,717.0,4.0,55.15384615384615,0.3076923076923077,14.63265306122449,6.653846153846153,-0.6923076923076923,3.828641396489095,0.14907119849998599,13.0,,,,,,42.7,0,0,0,1,,3.769230769230769,55.15384615384615,0.3076923076923077,,12.0,127.0,3.0,14.63265306122449
Adam Trautman,TE,Dayton,23,105.0,2019.0,13.0,Other,0,0,0,1,0,,,,2.5384615384615383,0.0,,,,2.4615384615384617,273.0,5.0,21.0,0.38461538461538464,8.53125,-7.416666666666668,0.13461538461538464,4.663439094112067,0.09759000729485333,15.0,,,,,,38.1,0,0,0,1,,1.6153846153846154,18.46153846153846,0.38461538461538464,,15.0,171.0,1.0,11.428571428571429
Albert Okwuegbunam,TE,Missouri,22,118.0,2019.0,11.0,SEC,0,0,0,0,1,,,,0.0,0.0,,,,2.3636363636363638,306.0,6.0,27.818181818181817,0.5454545454545454,11.769230769230768,-23.959595959595962,-0.12121212121212122,4.77912349311153,0.09205746178983235,4.0,,,,,,29.1,0,0,0,1,,2.3636363636363638,27.818181818181817,0.5454545454545454,,11.0,121.0,1.0,11.76923076923077
Alizé Mack,TE,Notre Dame,22,231.0,2018.0,12.0,Other,0,0,0,1,0,,,,0.0,0.0,,,,3.0,360.0,3.0,30.0,0.25,10.0,13.399999999999999,0.15,5.44673737166631,0.0657951694959769,,,,,,,0.0,0,0,0,1,,3.0,30.0,0.25,,,,,10.0
Andrew Ogletree,TE,Youngstown St.,24,192.0,2021.0,9.0,Other,0,0,0,1,0,,,,-0.3333333333333333,0.0,,,,4.222222222222222,691.0,6.0,76.77777777777777,0.6666666666666666,18.18421052631579,1.6349206349206327,0.09523809523809523,5.262690188904886,0.07216878364870323,12.0,,,,,,35.7,0,0,0,1,,4.111111111111111,77.11111111111111,0.6666666666666666,,9.0,147.0,2.0,18.756756756756758
Austin Hooper,TE,Stanford,21,81.0,2015.0,14.0,Other,0,0,0,1,0,,,,0.0,0.0,,,,2.4285714285714284,438.0,6.0,31.285714285714285,0.42857142857142855,12.882352941176473,-7.098901098901102,0.2747252747252747,4.406719247264253,0.1111111111111111,14.0,,,,,,64.1,0,0,0,1,,2.4285714285714284,31.285714285714285,0.42857142857142855,,19.0,271.0,3.0,12.882352941176471
Ben Koyack,TE,Notre Dame,22,229.0,2014.0,13.0,Other,0,0,0,1,0,,,,0.0,0.0,,,,2.3076923076923075,317.0,2.0,24.384615384615383,0.15384615384615385,10.566666666666666,-9.81538461538462,-0.4461538461538461,5.438079308923196,0.06608186004550898,14.0,,,,,,41.1,0,0,0,1,,2.3076923076923075,24.384615384615383,0.15384615384615385,,19.0,161.0,1.0,10.566666666666666
Ben Sinnott,TE,Kansas St.,22,53.0,2023.0,12.0,Big 12,0,1,0,0,0,,,,0.0,0.0,,,,4.083333333333333,676.0,6.0,56.333333333333336,0.5,13.79591836734694,24.40476190476191,0.2142857142857143,3.9889840465642745,0.13736056394868904,17.0,,,,,,13.8,0,0,0,1,,4.083333333333333,56.333333333333336,0.5,,5.0,28.0,1.0,13.795918367346939
Brayden Willis,TE,Oklahoma,23,247.0,2022.0,13.0,SEC,0,0,0,0,1,,,,2.0,0.0,,,,3.769230769230769,540.0,7.0,41.53846153846154,0.5384615384615384,11.020408163265305,27.923076923076927,0.3846153846153846,5.5134287461649825,0.06362847629757777,,,,,,,0.0,0,0,0,1,,3.0,39.53846153846154,0.5384615384615384,,,,,13.179487179487179
Brenton Strange,TE,Penn St.,22,61.0,2022.0,13.0,Big Ten,0,0,1,0,0,,,,0.0,0.0,,,,2.5384615384615383,362.0,5.0,27.846153846153847,0.38461538461538464,10.96969696969697,10.53846153846154,0.15384615384615385,4.127134385045092,0.12803687993289598,14.0,,,,,,14.5,0,0,0,1,,2.4615384615384617,27.846153846153847,0.38461538461538464,,5.0,35.0,1.0,11.3125
Brevin Jordan,TE,Miami (FL),21,147.0,2020.0,8.0,ACC,1,0,0,0,0,,,,0.125,0.0,,,,5.0,577.0,7.0,72.125,0.875,14.425,27.125,0.6931818181818181,4.997212273764115,0.08247860988423225,9.0,,,,,,55.8,0,0,0,1,,4.75,72.0,0.875,,20.0,178.0,3.0,15.157894736842104
Brock Bowers,TE,Georgia,21,13.0,2023.0,10.0,SEC,0,0,0,0,1,,,,2.8,0.1,,,,6.2,742.0,7.0,74.2,0.7,11.96774193548387,4.13333333333334,0.033333333333333326,2.6390573296152584,0.2773500981126146,17.0,,,,,,261.4,0,0,0,1,,5.6,71.4,0.6,,112.0,1194.0,5.0,12.75
Brycen Hopkins,TE,Purdue,23,136.0,2019.0,12.0,Big Ten,0,0,1,0,0,,,,0.0,0.0,,,,5.083333333333333,830.0,7.0,69.16666666666667,0.5833333333333334,13.60655737704918,24.320512820512825,0.4294871794871795,4.919980925828125,0.08574929257125441,5.0,,,,,,0.0,0,0,0,1,,5.083333333333333,69.16666666666667,0.5833333333333334,,0.0,0.0,0.0,13.60655737704918
Bucky Hodges,TE,Virginia Tech,22,201.0,2016.0,14.0,ACC,1,0,0,0,0,,,,3.0,0.0,,,,4.071428571428571,733.0,7.0,52.357142857142854,0.5,12.859649122807017,9.510989010989007,-0.038461538461538436,5.308267697401205,0.07053456158585983,,,,,,,0.0,0,0,0,1,,3.4285714285714284,49.357142857142854,0.5,,,,,14.395833333333334
C.J. Uzomah,TE,Auburn,22,157.0,2014.0,13.0,SEC,0,0,0,0,1,,,,0.07692307692307693,0.0,,,,0.9230769230769231,146.0,3.0,11.23076923076923,0.23076923076923078,12.166666666666666,-14.435897435897438,-0.2692307692307692,5.062595033026967,0.07980868844676221,5.0,,,,,,1.4,0,0,0,1,,0.8461538461538461,11.153846153846153,0.23076923076923078,,1.0,4.0,0.0,13.181818181818182
Cade Otton,TE,Washington,23,106.0,2021.0,8.0,Big Ten,0,0,1,0,0,,,,0.0,0.0,,,,3.5,250.0,1.0,31.25,0.125,8.928571428571429,-33.25,-0.625,4.672828834461906,0.09712858623572641,16.0,,,,,,93.1,0,0,0,1,,3.5,31.25,0.125,,42.0,391.0,2.0,8.928571428571429
Cade Stover,TE,Ohio St.,24,123.0,2023.0,12.0,Big Ten,0,0,1,0,0,,,,0.0,0.0,,,,3.4166666666666665,576.0,5.0,48.0,0.4166666666666667,14.048780487804878,16.76923076923077,0.03205128205128205,4.820281565605037,0.09016696346674323,15.0,,,,,,34.3,0,0,0,1,,3.4166666666666665,48.0,0.4166666666666667,,15.0,133.0,1.0,14.048780487804878
Caleb Wilson,TE,UCLA,23,254.0,2018.0,12.0,Big Ten,0,0,1,0,0,,,,0.3333333333333333,0.0,,,,5.083333333333333,969.0,4.0,80.75,0.3333333333333333,15.885245901639346,-17.049999999999997,0.1333333333333333,5.541263545158426,0.06274558051381586,,,,,,,0.0,0,0,0,1,,5.0,80.41666666666667,0.3333333333333333,,,,,16.083333333333332
Cameron Latu,TE,Alabama,23,101.0,2022.0,11.0,SEC,0,0,0,0,1,,,,0.0,0.0,,,,2.727272727272727,377.0,4.0,34.27272727272727,0.36363636363636365,12.566666666666668,6.939393939393941,-0.16969696969696968,4.624972813284271,0.09950371902099892,,,,,,,0.0,0,0,0,1,,2.727272727272727,34.27272727272727,0.36363636363636365,,,,,12.566666666666666
Charlie Kolar,TE,Iowa St.,23,128.0,2021.0,12.0,Big 12,0,1,0,0,0,,,,0.0,0.0,,,,5.166666666666667,756.0,6.0,63.0,0.5,12.193548387096774,9.272727272727273,-0.13636363636363635,4.859812404361672,0.08838834764831843,2.0,,,,,,8.9,0,0,0,1,,5.166666666666667,63.0,0.5,,4.0,49.0,0.0,12.193548387096774
Charlie Woerner,TE,Georgia,22,190.0,2019.0,14.0,SEC,0,0,0,0,1,,,,0.0,0.0,,,,0.6428571428571429,78.0,1.0,5.571428571428571,0.07142857142857142,8.666666666666666,-5.0,0.07142857142857142,5.25227342804663,0.07254762501100116,14.0,,,,,,6.6,0,0,0,1,,0.6428571428571429,5.571428571428571,0.07142857142857142,,3.0,36.0,0.0,8.666666666666666
Chigoziem Okonkwo,TE,Maryland,22,143.0,2021.0,13.0,Big Ten,0,0,1,0,0,,,,0.0,0.0,,,,4.0,447.0,5.0,34.38461538461539,0.38461538461538464,8.596153846153847,34.38461538461539,0.38461538461538464,4.969813299576001,0.08362420100070908,17.0,,,,,,95.0,0,0,0,1,,4.0,34.38461538461539,0.38461538461538464,,32.0,450.0,3.0,8.596153846153847
Chris Herndon,TE,Miami (FL),22,107.0,2017.0,11.0,ACC,1,0,0,0,0,,,,0.0,0.0,,,,3.6363636363636362,477.0,4.0,43.36363636363637,0.36363636363636365,11.925,17.671328671328673,0.2097902097902098,4.68213122712422,0.09667364890456635,16.0,,,,,,113.2,0,0,0,1,,3.6363636363636362,43.36363636363637,0.36363636363636365,,39.0,502.0,4.0,11.925
Clive Walford,TE,Miami (FL),23,68.0,2014.0,12.0,ACC,1,0,0,0,0,,,,0.0,0.0,,,,3.6666666666666665,676.0,7.0,56.333333333333336,0.5833333333333334,15.363636363636365,18.5,0.41666666666666674,4.23410650459726,0.12126781251816648,16.0,,,,,,78.9,0,0,0,1,,3.6666666666666665,56.333333333333336,0.5833333333333334,,28.0,329.0,3.0,15.363636363636363
Colby Parkinson,TE,Stanford,21,133.0,2019.0,12.0,Other,0,0,0,1,0,,,,0.0,0.0,,,,4.0,589.0,1.0,49.083333333333336,0.08333333333333333,12.270833333333334,11.775641025641029,-0.4551282051282051,4.897839799950911,0.086710996952412,6.0,,,,,,3.6,0,0,0,1,,4.0,49.083333333333336,0.08333333333333333,,2.0,16.0,0.0,12.270833333333334
Cole Kmet,TE,Notre Dame,21,43.0,2019.0,11.0,Other,0,0,0,1,0,,,,0.0,0.0,,,,3.909090909090909,515.0,6.0,46.81818181818182,0.5454545454545454,11.976744186046512,32.09090909090909,0.5454545454545454,3.784189633918261,0.15249857033260467,16.0,,,,,,64.3,0,0,0,1,,3.909090909090909,46.81818181818182,0.5454545454545454,,28.0,243.0,2.0,11.976744186046512
Cole Turner,TE,Nevada,22,149.0,2021.0,11.0,Other,0,0,0,1,0,,,,0.0,0.0,,,,5.636363636363637,677.0,10.0,61.54545454545455,0.9090909090909091,10.919354838709678,-5.676767676767682,-0.09090909090909094,5.0106352940962555,0.08192319205190406,10.0,,,,,,4.300000000000001,0,0,0,1,,5.636363636363637,61.54545454545455,0.9090909090909091,,2.0,23.0,0.0,10.919354838709678
Dallas Goedert,TE,South Dakota St.,23,49.0,2017.0,13.0,Other,0,0,0,1,0,,,,2.3846153846153846,0.0,,,,5.769230769230769,950.0,10.0,73.07692307692308,0.7692307692307693,12.666666666666666,-1.0,0.07692307692307698,3.912023005428146,0.14285714285714285,16.0,,,,,,90.4,0,0,0,1,,5.461538461538462,70.6923076923077,0.7692307692307693,,33.0,334.0,4.0,12.943661971830986
Dalton Keene,TE,Virginia Tech,21,101.0,2019.0,13.0,ACC,1,0,0,0,0,,,,2.5384615384615383,0.0,,,,2.4615384615384617,273.0,5.0,21.0,0.38461538461538464,8.53125,-7.416666666666668,0.13461538461538464,4.624972813284271,0.09950371902099892,6.0,,,,,,4.6,0,0,0,1,,1.6153846153846154,18.46153846153846,0.38461538461538464,,3.0,16.0,0.0,11.428571428571429
Dalton Kincaid,TE,Utah,23,25.0,2022.0,12.0,Big 12,0,1,0,0,0,,,,0.0,0.0,,,,5.833333333333333,890.0,8.0,74.16666666666667,0.6666666666666666,12.714285714285715,37.452380952380956,0.09523809523809523,3.258096538021482,0.2,16.0,,,,,,152.3,0,0,0,1,,5.833333333333333,74.16666666666667,0.6666666666666666,,73.0,673.0,2.0,12.714285714285714
Dalton Schultz,TE,Stanford,22,137.0,2017.0,13.0,Other,0,0,0,1,0,,,,0.0,0.0,,,,1.6923076923076923,212.0,3.0,16.307692307692307,0.23076923076923078,9.636363636363637,-0.76923076923077,0.15384615384615385,4.927253685157205,0.0854357657716761,11.0,,,,,,23.6,0,0,0,1,,1.6923076923076923,16.307692307692307,0.23076923076923078,,12.0,116.0,0.0,9.636363636363637
Daniel Bellinger,TE,San Diego St.,21,112.0,2021.0,13.0,Other,0,0,0,1,0,,,,0.15384615384615385,0.0,,,,2.4615384615384617,359.0,2.0,27.615384615384617,0.15384615384615385,11.21875,2.2403846153846168,0.15384615384615385,4.727387818712341,0.0944911182523068,12.0,,,,,,68.8,0,0,0,1,,2.3846153846153846,27.46153846153846,0.15384615384615385,,30.0,268.0,2.0,11.516129032258064
Darnell Washington,TE,Georgia,22,93.0,2022.0,15.0,SEC,0,0,0,0,1,,,,0.0,0.0,,,,1.8666666666666667,454.0,2.0,30.266666666666666,0.13333333333333333,16.214285714285715,16.266666666666666,0.04242424242424242,4.543294782270004,0.10369516947304253,17.0,,,,,,13.100000000000001,0,0,0,1,,1.8666666666666667,30.266666666666666,0.13333333333333333,,7.0,61.0,0.0,16.214285714285715
David Morgan,TE,Texas-San Antonio,23,188.0,2015.0,12.0,Other,0,0,0,1,0,,,,0.0,0.0,,,,3.75,566.0,5.0,47.166666666666664,0.4166666666666667,12.577777777777778,18.833333333333332,0.3055555555555556,5.241747015059643,0.07293249574894728,12.0,,,,,,1.4,0,0,0,1,,3.75,47.166666666666664,0.4166666666666667,,1.0,4.0,0.0,12.577777777777778
David Njoku,TE,Miami (FL),21,29.0,2016.0,13.0,ACC,1,0,0,0,0,,,,0.0,0.0,,,,3.3076923076923075,698.0,8.0,53.69230769230769,0.6153846153846154,16.232558139534884,25.846153846153847,0.5384615384615385,3.4011973816621555,0.18569533817705186,16.0,,,,,,94.6,0,0,0,1,,3.3076923076923075,53.69230769230769,0.6153846153846154,,32.0,386.0,4.0,16.232558139534884
Davis Allen,TE,Clemson,22,175.0,2022.0,14.0,ACC,1,0,0,0,0,,,,0.0,0.0,,,,2.7857142857142856,443.0,5.0,31.642857142857142,0.35714285714285715,11.35897435897436,15.642857142857142,0.12637362637362637,5.170483995038151,0.07559289460184544,15.0,,,,,,25.5,0,0,0,1,,2.7857142857142856,31.642857142857142,0.35714285714285715,,10.0,95.0,1.0,11.35897435897436
Dawson Knox,TE,Mississippi,22,96.0,2018.0,12.0,SEC,0,0,0,0,1,,,,0.0,0.0,,,,1.25,284.0,0.0,23.666666666666668,0.0,18.933333333333334,-8.433333333333334,0.0,4.574710978503383,0.10206207261596577,15.0,,,,,,78.80000000000001,0,0,0,1,,1.25,23.666666666666668,0.0,,28.0,388.0,2.0,18.933333333333334
Devin Asiasi,TE,UCLA,23,91.0,2019.0,12.0,Big Ten,0,0,1,0,0,,,,0.0,0.0,,,,3.6666666666666665,641.0,4.0,53.416666666666664,0.3333333333333333,14.568181818181818,38.97222222222222,0.2222222222222222,4.5217885770490405,0.10482848367219183,9.0,,,,,,11.9,0,0,0,1,,3.6666666666666665,53.416666666666664,0.3333333333333333,,2.0,39.0,1.0,14.568181818181818
Devin Culp,TE,Washington,24,246.0,2023.0,15.0,Big Ten,0,0,1,0,0,,,,0.0,0.0,,,,1.0666666666666667,208.0,2.0,13.866666666666667,0.13333333333333333,13.0,-6.74871794871795,0.056410256410256404,5.5093883366279774,0.06375767130633382,5.0,,,,,,13.8,0,0,0,1,,1.0666666666666667,13.866666666666667,0.13333333333333333,,5.0,88.0,0.0,13.0
Devin Funchess,TE,Michigan,21,41.0,2014.0,11.0,Big Ten,0,0,1,0,0,,,,-1.0,0.0,,,,5.818181818181818,722.0,4.0,65.63636363636364,0.36363636363636365,11.28125,5.482517482517487,-0.09790209790209792,3.7376696182833684,0.15617376188860607,16.0,,,,,,108.30000000000001,0,0,0,1,,5.636363636363637,66.63636363636364,0.36363636363636365,,31.0,473.0,5.0,11.82258064516129
Drew Sample,TE,Washington,23,52.0,2018.0,14.0,Big Ten,0,0,1,0,0,,,,0.0,0.0,,,,1.7857142857142858,252.0,3.0,18.0,0.21428571428571427,10.08,9.6,0.21428571428571427,3.970291913552122,0.1386750490563073,9.0,,,,,,8.0,0,0,0,1,,1.7857142857142858,18.0,0.21428571428571427,,5.0,30.0,0.0,10.08
Durham Smythe,TE,Notre Dame,23,123.0,2017.0,13.0,Other,0,0,0,1,0,,,,0.0,0.0,,,,1.1538461538461537,244.0,1.0,18.76923076923077,0.07692307692307693,16.26666666666667,8.587412587412588,-0.2867132867132867,4.820281565605037,0.09016696346674323,15.0,,,,,,11.0,0,0,0,1,,1.1538461538461537,18.76923076923077,0.07692307692307693,,6.0,50.0,0.0,16.266666666666666
Eric Saubert,TE,Drake,23,174.0,2016.0,13.0,Other,0,0,0,1,0,,,,10.307692307692308,0.15384615384615385,,,,4.846153846153846,767.0,9.0,59.0,0.6923076923076923,12.174603174603176,35.0,0.4923076923076923,5.1647859739235145,0.07580980435789034,14.0,,,,,,0.0,0,0,0,1,,3.3846153846153846,48.69230769230769,0.5384615384615384,,0.0,0.0,0.0,14.386363636363637
Erick All,TE,Iowa,23,115.0,2023.0,7.0,Big Ten,0,0,1,0,0,,,,0.0,0.0,,,,3.0,299.0,3.0,42.714285714285715,0.42857142857142855,14.238095238095239,30.714285714285715,0.42857142857142855,4.7535901911063645,0.09325048082403138,9.0,,,,,,35.8,0,0,0,1,,3.0,42.714285714285715,0.42857142857142855,,20.0,158.0,0.0,14.238095238095237
Evan Engram,TE,Mississippi,23,23.0,2016.0,11.0,SEC,0,0,0,0,1,,,,0.0,0.0,,,,5.909090909090909,926.0,8.0,84.18181818181819,0.7272727272727273,14.246153846153845,48.489510489510494,0.5734265734265734,3.1780538303479458,0.20851441405707477,15.0,,,,,,172.2,0,0,0,1,,5.909090909090909,84.18181818181819,0.7272727272727273,,64.0,722.0,6.0,14.246153846153845
Foster Moreau,TE,LSU,22,137.0,2018.0,13.0,SEC,0,0,0,0,1,,,,0.0,0.0,,,,1.6923076923076923,272.0,2.0,20.923076923076923,0.15384615384615385,12.363636363636363,-0.4615384615384599,-0.07692307692307693,4.927253685157205,0.0854357657716761,13.0,,,,,,68.4,0,0,0,1,,1.6923076923076923,20.923076923076923,0.15384615384615385,,21.0,174.0,5.0,12.363636363636363
Geoff Swaim,TE,Texas,21,246.0,2014.0,13.0,SEC,0,0,0,0,1,,,,0.0,0.0,,,,0.7692307692307693,70.0,1.0,5.384615384615385,0.07692307692307693,7.0,0.7179487179487181,0.07692307692307693,5.5093883366279774,0.06375767130633382,4.0,,,,,,1.0,0,0,0,1,,0.7692307692307693,5.384615384615385,0.07692307692307693,,1.0,0.0,0.0,7.0
George Kittle,TE,Iowa,23,146.0,2016.0,11.0,Big Ten,0,0,1,0,0,,,,0.0,0.0,,,,2.0,314.0,4.0,28.545454545454547,0.36363636363636365,14.272727272727273,7.8311688311688314,-0.0649350649350649,4.990432586778736,0.0827605888602368,15.0,,,,,,106.5,0,0,0,1,,2.0,28.545454545454547,0.36363636363636365,,43.0,515.0,2.0,14.272727272727273
Gerald Christian,TE,Louisville,24,256.0,2014.0,13.0,ACC,1,0,0,0,0,,,,0.0,0.0,,,,2.4615384615384617,384.0,5.0,29.53846153846154,0.38461538461538464,12.0,-5.96153846153846,0.05128205128205132,5.54907608489522,0.0625,3.0,,,,,,2.4000000000000004,0,0,0,1,,2.4615384615384617,29.53846153846154,0.38461538461538464,,1.0,14.0,0.0,12.0
Gerald Everett,TE,South Alabama,23,44.0,2016.0,13.0,Other,0,0,0,1,0,,,,0.0,0.0,,,,3.769230769230769,717.0,4.0,55.15384615384615,0.3076923076923077,14.63265306122449,6.653846153846153,-0.6923076923076923,3.8066624897703196,0.15075567228888181,16.0,,,,,,52.400000000000006,0,0,0,1,,3.769230769230769,55.15384615384615,0.3076923076923077,,16.0,244.0,2.0,14.63265306122449
Grant Calcaterra,TE,SMU,23,198.0,2021.0,12.0,ACC,1,0,0,0,0,,,,0.0,0.0,,,,3.1666666666666665,465.0,4.0,38.75,0.3333333333333333,12.236842105263158,22.95,0.3333333333333333,5.293304824724492,0.07106690545187015,15.0,,,,,,13.1,0,0,0,1,,3.1666666666666665,38.75,0.3333333333333333,,5.0,81.0,0.0,12.236842105263158
Greg Dulcich,TE,UCLA,22,80.0,2021.0,12.0,Big Ten,0,0,1,0,0,,,,0.0,0.0,,,,3.5,725.0,5.0,60.416666666666664,0.4166666666666667,17.261904761904763,-13.440476190476197,-0.2976190476190476,4.394449154672439,0.11180339887498948,10.0,,,,,,86.1,0,0,0,1,,3.5,60.416666666666664,0.4166666666666667,,33.0,411.0,2.0,17.261904761904763
Harrison Bryant,TE,Florida Atlantic,22,115.0,2019.0,13.0,Other,0,0,0,1,0,,,,0.0,0.0,,,,5.0,1004.0,7.0,77.23076923076923,0.5384615384615384,15.446153846153846,21.89743589743589,0.20512820512820512,4.7535901911063645,0.09325048082403138,15.0,,,,,,65.8,0,0,0,1,,5.0,77.23076923076923,0.5384615384615384,,24.0,238.0,3.0,15.446153846153846
Hayden Hurst,TE,South Carolina,25,25.0,2017.0,13.0,SEC,0,0,0,0,1,,,,2.3076923076923075,0.07692307692307693,,,,4.076923076923077,589.0,3.0,45.30769230769231,0.23076923076923078,11.113207547169813,-2.7692307692307736,0.15384615384615385,3.258096538021482,0.2,12.0,,,,,,35.3,0,0,0,1,,3.3846153846153846,43.0,0.15384615384615385,,13.0,163.0,1.0,12.704545454545455
Hunter Henry,TE,Arkansas,21,35.0,2015.0,13.0,SEC,0,0,0,0,1,,,,0.0,0.0,,,,3.923076923076923,739.0,3.0,56.84615384615385,0.23076923076923078,14.490196078431373,17.384615384615387,0.07692307692307693,3.58351893845611,0.1690308509457033,15.0,,,,,,131.8,0,0,0,1,,3.923076923076923,56.84615384615385,0.23076923076923078,,36.0,478.0,8.0,14.490196078431373
Hunter Long,TE,Boston Col.,23,81.0,2020.0,11.0,Other,0,0,0,1,0,,,,0.0,0.0,,,,5.181818181818182,685.0,5.0,62.27272727272727,0.45454545454545453,12.017543859649123,23.11888111888112,0.3006993006993007,4.406719247264253,0.1111111111111111,7.0,,,,,,1.8,0,0,0,1,,5.181818181818182,62.27272727272727,0.45454545454545453,,1.0,8.0,0.0,12.017543859649123
Ian Thomas,TE,Indiana,22,101.0,2017.0,10.0,Big Ten,0,0,1,0,0,,,,0.0,0.0,,,,2.5,376.0,5.0,37.6,0.5,15.040000000000001,35.44615384615385,0.5,4.624972813284271,0.09950371902099892,16.0,,,,,,81.30000000000001,0,0,0,1,,2.5,37.6,0.5,,36.0,333.0,2.0,15.04
Irv Smith Jr.,TE,Alabama,21,50.0,2018.0,15.0,SEC,0,0,0,0,1,,,,0.0,0.0,,,,2.933333333333333,710.0,7.0,47.333333333333336,0.4666666666666667,16.136363636363637,38.19047619047619,0.2523809523809524,3.9318256327243257,0.1414213562373095,16.0,,,,,,79.1,0,0,0,1,,2.933333333333333,47.333333333333336,0.4666666666666667,,36.0,311.0,2.0,16.136363636363637
Isaac Nauta,TE,Georgia,22,224.0,2018.0,14.0,SEC,0,0,0,0,1,,,,2.2142857142857144,0.07142857142857142,,,,2.142857142857143,461.0,4.0,32.92857142857143,0.2857142857142857,15.366666666666665,25.32857142857143,0.15238095238095237,5.41610040220442,0.0668153104781061,6.0,,,,,,3.3,0,0,0,1,,2.142857142857143,30.714285714285715,0.21428571428571427,,2.0,13.0,0.0,14.333333333333334
Isaiah Likely,TE,Coastal Carolina,22,139.0,2021.0,13.0,Other,0,0,0,1,0,,,,0.7692307692307693,0.0,,,,4.769230769230769,922.0,12.0,70.92307692307692,0.9230769230769231,14.870967741935484,16.286713286713287,0.4685314685314686,4.941642422609304,0.08481889296799709,16.0,,,,,,91.30000000000001,0,0,0,1,,4.538461538461538,70.15384615384616,0.9230769230769231,,36.0,373.0,3.0,15.457627118644067
Ja'Tavion Sanders,TE,Texas,21,101.0,2023.0,14.0,SEC,0,0,0,0,1,,,,0.8571428571428571,0.0,,,,3.2857142857142856,694.0,2.0,49.57142857142857,0.14285714285714285,15.08695652173913,2.417582417582416,-0.2417582417582418,4.624972813284271,0.09950371902099892,16.0,,,,,,73.2,0,0,0,1,,3.2142857142857144,48.714285714285715,0.14285714285714285,,33.0,342.0,1.0,15.155555555555555
Jace Sternberger,TE,Texas A&M,23,75.0,2018.0,13.0,SEC,0,0,0,0,1,,,,0.3076923076923077,0.0,,,,3.769230769230769,836.0,10.0,64.3076923076923,0.7692307692307693,17.06122448979592,63.80769230769231,0.7692307692307693,4.330733340286331,0.11547005383792514,6.0,,,,,,0.0,0,0,0,1,,3.6923076923076925,64.0,0.7692307692307693,,0.0,0.0,0.0,17.333333333333332
Jaheim Bell,TE,Florida St.,23,231.0,2023.0,13.0,ACC,1,0,0,0,0,,,,0.15384615384615385,0.07692307692307693,,,,3.3076923076923075,505.0,3.0,38.84615384615385,0.23076923076923078,11.74418604651163,-2.1538461538461533,-0.1858974358974359,5.44673737166631,0.0657951694959769,15.0,,,,,,4.0,0,0,0,1,,3.0,38.69230769230769,0.15384615384615385,,2.0,20.0,0.0,12.897435897435898
Jake Butt,TE,Michigan,22,145.0,2016.0,13.0,Big Ten,0,0,1,0,0,,,,0.0,0.0,,,,3.5384615384615383,546.0,4.0,42.0,0.3076923076923077,11.869565217391305,-8.46153846153846,0.07692307692307693,4.983606621708336,0.08304547985373997,3.0,,,,,,16.5,0,0,0,1,,3.5384615384615383,42.0,0.3076923076923077,,8.0,85.0,0.0,11.869565217391305
Jake Ferguson,TE,Wisconsin,23,129.0,2021.0,13.0,Big Ten,0,0,1,0,0,,,,0.0,0.0,,,,3.5384615384615383,450.0,3.0,34.61538461538461,0.23076923076923078,9.782608695652174,-8.956043956043956,-0.3406593406593406,4.867534450455582,0.08804509063256238,16.0,,,,,,48.400000000000006,0,0,0,1,,3.5384615384615383,34.61538461538461,0.23076923076923078,,19.0,174.0,2.0,9.782608695652174
James Mitchell,TE,Virginia Tech,23,177.0,2021.0,2.0,ACC,1,0,0,0,0,,,,0.5,0.0,,,,3.0,43.0,1.0,21.5,0.5,7.166666666666667,-22.1,0.0,5.181783550292085,0.07516460280028289,14.0,,,,,,28.3,0,0,0,1,,2.5,21.0,0.5,,11.0,113.0,1.0,8.4
James O'Shaughnessy,TE,Illinois St.,23,173.0,2014.0,13.0,Other,0,0,0,1,0,,,,0.0,0.0,,,,3.6153846153846154,788.0,6.0,60.61538461538461,0.46153846153846156,16.76595744680851,16.153846153846153,0.15384615384615385,5.159055299214529,0.07602859212697055,7.0,,,,,,14.700000000000001,0,0,0,1,,3.6153846153846154,60.61538461538461,0.46153846153846156,,6.0,87.0,0.0,16.76595744680851
Jared Wiley,TE,TCU,23,131.0,2023.0,12.0,Big 12,0,1,0,0,0,,,,0.0,0.0,,,,3.9166666666666665,520.0,8.0,43.333333333333336,0.6666666666666666,11.063829787234043,27.000000000000004,0.39999999999999997,4.882801922586371,0.0873704056661038,7.0,,,,,,1.7000000000000002,0,0,0,1,,3.9166666666666665,43.333333333333336,0.6666666666666666,,1.0,7.0,0.0,11.063829787234043
Jaylen Samuels,TE,North Carolina St.,22,165.0,2017.0,13.0,ACC,1,0,0,0,0,,,,31.0,0.9230769230769231,,,,11.76923076923077,1000.0,16.0,76.92307692307692,1.2307692307692308,6.5359477124183005,18.92307692307692,0.23076923076923084,5.111987788356544,0.0778498944161523,,,,,,,0.0,0,0,0,1,,5.846153846153846,45.92307692307692,0.3076923076923077,,,,,7.855263157894737
Jeff Heuerman,TE,Ohio St.,22,92.0,2014.0,14.0,Big Ten,0,0,1,0,0,,,,0.0,0.0,,,,1.2142857142857142,207.0,2.0,14.785714285714286,0.14285714285714285,12.176470588235295,-32.41428571428572,-0.2571428571428572,4.532599493153256,0.10425720702853739,12.0,,,,,,23.1,0,0,0,1,,1.2142857142857142,14.785714285714286,0.14285714285714285,,9.0,141.0,0.0,12.176470588235293
Jelani Woods,TE,Virginia,23,73.0,2021.0,11.0,ACC,1,0,0,0,0,,,,0.09090909090909091,0.0,,,,4.090909090909091,599.0,8.0,54.45454545454545,0.7272727272727273,13.31111111111111,41.054545454545455,0.6272727272727273,4.30406509320417,0.11704114719613057,15.0,,,,,,74.2,0,0,0,1,,4.0,54.36363636363637,0.7272727272727273,,25.0,312.0,3.0,13.590909090909092
Jerell Adams,TE,South Carolina,23,184.0,2015.0,12.0,SEC,0,0,0,0,1,,,,0.0,0.0,,,,2.3333333333333335,421.0,3.0,35.083333333333336,0.25,15.035714285714285,13.621794871794876,0.17307692307692307,5.220355825078324,0.07372097807744857,13.0,,,,,,34.2,0,0,0,1,,2.3333333333333335,35.083333333333336,0.25,,16.0,122.0,1.0,15.035714285714286
Jeremy Ruckert,TE,Ohio St.,22,101.0,2021.0,12.0,Big Ten,0,0,1,0,0,,,,0.0,0.0,,,,2.1666666666666665,309.0,3.0,25.75,0.25,11.884615384615385,6.875,-0.375,4.624972813284271,0.09950371902099892,9.0,,,,,,1.8,0,0,0,1,,2.1666666666666665,25.75,0.25,,1.0,8.0,0.0,11.884615384615385
Jeremy Sprinkle,TE,Arkansas,23,154.0,2016.0,13.0,SEC,0,0,0,0,1,,,,0.0,0.0,,,,2.5384615384615383,380.0,4.0,29.23076923076923,0.3076923076923077,11.515151515151517,-1.0,-0.15384615384615385,5.043425116919247,0.08058229640253803,11.0,,,,,,9.3,0,0,0,1,,2.5384615384615383,29.23076923076923,0.3076923076923077,,2.0,13.0,1.0,11.515151515151516
Jesse James,TE,Penn St.,21,160.0,2014.0,13.0,Big Ten,0,0,1,0,0,,,,0.0,0.0,,,,2.923076923076923,396.0,3.0,30.46153846153846,0.23076923076923078,10.421052631578949,-2.8384615384615373,-0.0692307692307692,5.081404364984463,0.07905694150420949,8.0,,,,,,19.6,0,0,0,1,,2.923076923076923,30.46153846153846,0.23076923076923078,,8.0,56.0,1.0,10.421052631578947
John Bates,TE,Boise St.,23,124.0,2020.0,5.0,Other,0,0,0,1,0,,,,0.0,0.0,,,,2.4,117.0,0.0,23.4,0.0,9.75,3.8999999999999986,-0.07142857142857142,4.8283137373023015,0.08980265101338746,17.0,,,,,,50.900000000000006,0,0,0,1,,2.4,23.4,0.0,,20.0,249.0,1.0,9.75
John FitzPatrick,TE,Georgia,22,213.0,2021.0,15.0,SEC,0,0,0,0,1,,,,0.0,0.0,,,,0.4,83.0,0.0,5.533333333333333,0.0,13.833333333333334,-3.966666666666667,-0.1,5.365976015021851,0.06851887098275317,9.0,,,,,,2.2,0,0,0,1,,0.4,5.533333333333333,0.0,,1.0,12.0,0.0,13.833333333333334
Jonnu Smith,TE,Florida International,22,100.0,2016.0,11.0,Other,0,0,0,1,0,,,,0.45454545454545453,0.0,,,,3.909090909090909,511.0,4.0,46.45454545454545,0.36363636363636365,11.883720930232558,-3.1704545454545467,-0.13636363636363635,4.61512051684126,0.1,16.0,,,,,,45.7,0,0,0,1,,3.8181818181818183,46.0,0.36363636363636365,,18.0,157.0,2.0,12.047619047619047
Jordan Akins,TE,Central Florida,26,98.0,2017.0,12.0,Big 12,0,1,0,0,0,,,,0.0,0.0,,,,2.6666666666666665,515.0,4.0,42.916666666666664,0.3333333333333333,16.09375,16.22435897435897,0.17948717948717946,4.59511985013459,0.10101525445522107,16.0,,,,,,39.5,0,0,0,1,,2.6666666666666665,42.916666666666664,0.3333333333333333,,17.0,225.0,0.0,16.09375
Jordan Leggett,TE,Clemson,22,150.0,2016.0,15.0,ACC,1,0,0,0,0,,,,0.0,0.0,,,,3.066666666666667,736.0,7.0,49.06666666666667,0.4666666666666667,15.999999999999998,14.06666666666667,-0.06666666666666665,5.017279836814924,0.08164965809277261,15.0,,,,,,31.4,0,0,0,1,,3.066666666666667,49.06666666666667,0.4666666666666667,,14.0,114.0,1.0,16.0
Jordan Thomas,TE,Mississippi St.,22,211.0,2017.0,13.0,SEC,0,0,0,0,1,,,,0.0,0.0,,,,1.6923076923076923,263.0,3.0,20.23076923076923,0.23076923076923078,11.954545454545455,16.23076923076923,0.14743589743589747,5.356586274672012,0.06884283908215143,16.0,,,,,,65.5,0,0,0,1,,1.6923076923076923,20.23076923076923,0.23076923076923078,,20.0,215.0,4.0,11.954545454545455
Josh Oliver,TE,San Jose St.,22,69.0,2018.0,12.0,Other,0,0,0,1,0,,,,0.0,0.0,,,,4.666666666666667,709.0,4.0,59.083333333333336,0.3333333333333333,12.660714285714285,32.17424242424242,0.2424242424242424,4.248495242049359,0.1203858530857692,4.0,,,,,,4.5,0,0,0,1,,4.666666666666667,59.083333333333336,0.3333333333333333,,3.0,15.0,0.0,12.660714285714286
Josh Whyle,TE,Cincinnati,23,147.0,2022.0,12.0,Big 12,0,1,0,0,0,,,,0.0,0.0,,,,2.6666666666666665,326.0,3.0,27.166666666666668,0.25,10.1875,3.4523809523809526,-0.17857142857142855,4.997212273764115,0.08247860988423225,11.0,,,,,,24.4,0,0,0,1,,2.6666666666666665,27.166666666666668,0.25,,9.0,94.0,1.0,10.1875
Josiah Deguara,TE,Cincinnati,23,94.0,2019.0,14.0,Big 12,0,1,0,0,0,,,,0.14285714285714285,0.07142857142857142,,,,2.7857142857142856,506.0,8.0,36.142857142857146,0.5714285714285714,12.974358974358974,0.1428571428571459,0.18681318681318676,4.553876891600541,0.10314212462587934,2.0,,,,,,2.2,0,0,0,1,,2.7857142857142856,36.0,0.5,,1.0,12.0,0.0,12.923076923076923
Kaden Smith,TE,Stanford,22,176.0,2018.0,10.0,Other,0,0,0,1,0,,,,0.0,0.0,,,,4.7,635.0,2.0,63.5,0.2,13.510638297872338,33.92857142857143,-0.15714285714285714,5.176149732573829,0.07537783614444091,9.0,,,,,,75.8,0,0,0,1,,4.7,63.5,0.2,,31.0,268.0,3.0,13.51063829787234
Kahale Warring,TE,San Diego St.,22,86.0,2018.0,12.0,Other,0,0,0,1,0,,,,0.0,0.0,,,,2.5833333333333335,372.0,3.0,31.0,0.25,12.0,11.923076923076923,0.019230769230769218,4.465908118654584,0.10783277320343841,7.0,,,,,,6.5,0,0,0,1,,2.5833333333333335,31.0,0.25,,3.0,35.0,0.0,12.0
Kennard Backman,TE,Ala-Birmingham,22,213.0,2014.0,12.0,Other,0,0,0,1,0,,,,0.0,0.0,,,,3.25,399.0,3.0,33.25,0.25,10.230769230769232,5.795454545454547,0.06818181818181818,5.365976015021851,0.06851887098275317,,,,,,,0.0,0,0,0,1,,3.25,33.25,0.25,,,,,10.23076923076923
Ko Kieft,TE,Minnesota,24,218.0,2021.0,13.0,Big Ten,0,0,1,0,0,,,,0.0,0.0,,,,0.5384615384615384,101.0,1.0,7.769230769230769,0.07692307692307693,14.428571428571429,1.0192307692307692,-0.17307692307692307,5.389071729816501,0.06772854614785964,17.0,,,,,,21.0,0,0,0,1,,0.5384615384615384,7.769230769230769,0.07692307692307693,,7.0,80.0,1.0,14.428571428571429
Kyle Pitts,TE,Florida,20,4.0,2020.0,8.0,SEC,0,0,0,0,1,,,,0.0,0.0,,,,5.375,770.0,12.0,96.25,1.5,17.906976744186046,46.32692307692308,1.1153846153846154,1.6094379124341003,0.5,17.0,,,,,,176.60000000000002,0,0,0,1,,5.375,96.25,1.5,,68.0,1026.0,1.0,17.906976744186046
Kylen Granson,TE,SMU,23,127.0,2020.0,10.0,ACC,1,0,0,0,0,,,,0.0,0.0,,,,3.6,536.0,5.0,53.6,0.5,14.88888888888889,-2.707692307692305,-0.1923076923076923,4.852030263919617,0.08873565094161139,17.0,,,,,,21.6,0,0,0,1,,3.5,53.6,0.5,,11.0,106.0,0.0,15.314285714285715
Luke Farrell,TE,Ohio St.,23,145.0,2020.0,7.0,Big Ten,0,0,1,0,0,,,,0.0,0.0,,,,0.7142857142857143,37.0,1.0,5.285714285714286,0.14285714285714285,7.3999999999999995,-3.2142857142857144,0.0,4.983606621708336,0.08304547985373997,15.0,,,,,,12.600000000000001,0,0,0,1,,0.7142857142857143,5.285714285714286,0.14285714285714285,,7.0,56.0,0.0,7.4
Luke Musgrave,TE,Oregon St.,23,42.0,2022.0,2.0,Other,0,0,0,1,0,,,,0.0,0.0,,,,5.5,169.0,1.0,84.5,0.5,15.363636363636363,61.19230769230769,0.4230769230769231,3.7612001156935624,0.1543033499620919,11.0,,,,,,75.2,0,0,0,1,,5.5,84.5,0.5,,34.0,352.0,1.0,15.363636363636363
Luke Schoonmaker,TE,Michigan,24,58.0,2022.0,12.0,Big Ten,0,0,1,0,0,,,,0.0,0.0,,,,2.9166666666666665,418.0,3.0,34.833333333333336,0.25,11.942857142857143,23.04761904761905,0.035714285714285726,4.07753744390572,0.13130643285972254,17.0,,,,,,26.5,0,0,0,1,,2.9166666666666665,34.833333333333336,0.25,,8.0,65.0,2.0,11.942857142857143
Malcolm Johnson,TE,Mississippi St.,23,195.0,2014.0,13.0,SEC,0,0,0,0,1,,,,0.0,0.0,,,,2.1538461538461537,380.0,3.0,29.23076923076923,0.23076923076923078,13.571428571428573,-3.3525641025641058,0.06410256410256412,5.278114659230517,0.0716114874039433,12.0,,,,,,5.5,0,0,0,1,,2.1538461538461537,29.23076923076923,0.23076923076923078,,4.0,15.0,0.0,13.571428571428571
Mark Andrews,TE,Oklahoma,23,86.0,2017.0,14.0,SEC,0,0,0,0,1,,,,0.0,0.0,,,,4.428571428571429,958.0,8.0,68.42857142857143,0.5714285714285714,15.451612903225806,30.813186813186817,0.03296703296703296,4.465908118654584,0.10783277320343841,16.0,,,,,,107.2,0,0,0,1,,4.428571428571429,68.42857142857143,0.5714285714285714,,34.0,552.0,3.0,15.451612903225806
Mason Schreck,TE,Buffalo,23,251.0,2016.0,12.0,Other,0,0,0,1,0,,,,0.0,0.0,,,,4.916666666666667,651.0,4.0,54.25,0.3333333333333333,11.033898305084746,31.02777777777778,0.3333333333333333,5.529429087511423,0.06311944030978031,6.0,,,,,,0.0,0,0,0,1,,4.916666666666667,54.25,0.3333333333333333,,0.0,0.0,0.0,11.033898305084746
Maxx Williams,TE,Minnesota,21,55.0,2014.0,12.0,Big Ten,0,0,1,0,0,,,,0.0,0.0,,,,3.0,569.0,8.0,47.416666666666664,0.6666666666666666,15.805555555555555,14.801282051282051,0.282051282051282,4.02535169073515,0.13483997249264842,14.0,,,,,,64.8,0,0,0,1,,3.0,47.416666666666664,0.6666666666666666,,32.0,268.0,1.0,15.805555555555555
Michael Mayer,TE,Notre Dame,22,35.0,2022.0,12.0,Other,0,0,0,1,0,,,,0.0,0.0,,,,5.583333333333333,809.0,9.0,67.41666666666667,0.75,12.074626865671641,-2.5833333333333286,0.16666666666666663,3.58351893845611,0.1690308509457033,14.0,,,,,,69.4,0,0,0,1,,5.583333333333333,67.41666666666667,0.75,,27.0,304.0,2.0,12.074626865671641
Michael Roberts,TE,Toledo,23,127.0,2016.0,13.0,Other,0,0,0,1,0,,,,0.0,0.0,,,,3.4615384615384617,533.0,16.0,41.0,1.2307692307692308,11.844444444444443,21.5,0.8974358974358976,4.852030263919617,0.08873565094161139,15.0,,,,,,8.600000000000001,0,0,0,1,,3.4615384615384617,41.0,1.2307692307692308,,4.0,46.0,0.0,11.844444444444445
Mike Gesicki,TE,Penn St.,22,42.0,2017.0,13.0,Big Ten,0,0,1,0,0,,,,0.0,0.0,,,,4.384615384615385,563.0,9.0,43.30769230769231,0.6923076923076923,9.877192982456139,-5.192307692307693,0.33516483516483514,3.7612001156935624,0.1543033499620919,16.0,,,,,,42.2,0,0,0,1,,4.384615384615385,43.30769230769231,0.6923076923076923,,22.0,202.0,0.0,9.87719298245614
MyCole Pruitt,TE,Southern Illinois,23,143.0,2014.0,14.0,Other,0,0,0,1,0,,,,-0.14285714285714285,0.0,,,,7.142857142857143,1363.0,7.0,97.35714285714286,0.5,13.629999999999999,16.142857142857153,-0.1428571428571429,4.969813299576001,0.08362420100070908,16.0,,,,,,18.9,0,0,0,1,,7.071428571428571,97.5,0.5,,10.0,89.0,0.0,13.787878787878787
Nick Boyle,TE,Delaware,22,171.0,2014.0,13.0,Other,0,0,0,1,0,,,,0.0,0.0,,,,3.6153846153846154,788.0,6.0,60.61538461538461,0.46153846153846156,16.76595744680851,16.153846153846153,0.15384615384615385,5.147494476813453,0.07647191129018725,11.0,,,,,,33.3,0,0,0,1,,3.6153846153846154,60.61538461538461,0.46153846153846156,,18.0,153.0,0.0,16.76595744680851
Nick Muse,TE,South Carolina,23,227.0,2021.0,13.0,SEC,0,0,0,0,1,,,,0.0,0.0,,,,1.5384615384615385,222.0,2.0,17.076923076923077,0.15384615384615385,11.099999999999998,-25.423076923076923,0.05384615384615385,5.429345628954441,0.0663723311599972,10.0,,,,,,0.0,0,0,0,1,,1.5384615384615385,17.076923076923077,0.15384615384615385,,0.0,0.0,0.0,11.1
Nick O'Leary,TE,Florida St.,23,194.0,2014.0,14.0,ACC,1,0,0,0,0,,,,0.0,0.07142857142857142,,,,3.4285714285714284,618.0,7.0,44.142857142857146,0.5,12.875,-2.2738095238095184,-0.08333333333333337,5.272999558563747,0.07179581586177382,4.0,,,,,,4.7,0,0,0,1,,3.4285714285714284,44.142857142857146,0.42857142857142855,,1.0,37.0,0.0,12.875
Nick Vannett,TE,Ohio St.,23,94.0,2015.0,13.0,Big Ten,0,0,1,0,0,,,,0.0,0.0,,,,1.4615384615384615,162.0,0.0,12.461538461538462,0.0,8.526315789473685,-3.252747252747252,-0.35714285714285715,4.553876891600541,0.10314212462587934,9.0,,,,,,6.2,0,0,0,1,,1.4615384615384615,12.461538461538462,0.0,,3.0,32.0,0.0,8.526315789473685
Noah Fant,TE,Iowa,21,20.0,2018.0,12.0,Big Ten,0,0,1,0,0,,,,0.08333333333333333,0.0,,,,3.4166666666666665,520.0,7.0,43.333333333333336,0.5833333333333334,12.682926829268292,5.410256410256416,-0.2628205128205128,3.044522437723423,0.22360679774997896,16.0,,,,,,114.2,0,0,0,1,,3.25,43.25,0.5833333333333334,,40.0,562.0,3.0,13.307692307692308
Noah Gray,TE,Duke,22,162.0,2020.0,10.0,ACC,1,0,0,0,0,,,,0.3,0.0,,,,3.1,288.0,2.0,28.8,0.2,9.290322580645162,-3.8666666666666636,-0.04999999999999999,5.093750200806762,0.07856742013183861,16.0,,,,,,16.6,0,0,0,1,,2.9,28.5,0.2,,7.0,36.0,1.0,9.827586206896552
O.J. Howard,TE,Alabama,22,19.0,2016.0,15.0,SEC,0,0,0,0,1,,,,0.0,0.0,,,,3.0,595.0,3.0,39.666666666666664,0.2,13.222222222222223,-0.46666666666666856,0.06666666666666668,2.995732273553991,0.22941573387056174,14.0,,,,,,105.2,0,0,0,1,,3.0,39.666666666666664,0.2,,26.0,432.0,6.0,13.222222222222221
Pat Freiermuth,TE,Penn St.,22,55.0,2020.0,4.0,Big Ten,0,0,1,0,0,,,,0.0,0.0,,,,5.75,310.0,1.0,77.5,0.25,13.478260869565217,38.5,-0.28846153846153844,4.02535169073515,0.13483997249264842,16.0,,,,,,151.7,0,0,0,1,,5.75,77.5,0.25,,60.0,497.0,7.0,13.478260869565217
Payne Durham,TE,Purdue,23,171.0,2022.0,13.0,Big Ten,0,0,1,0,0,,,,0.3076923076923077,0.0,,,,4.384615384615385,564.0,8.0,43.38461538461539,0.6153846153846154,9.894736842105262,4.4679487179487225,0.11538461538461542,5.147494476813453,0.07647191129018725,13.0,,,,,,10.8,0,0,0,1,,4.3076923076923075,43.07692307692308,0.6153846153846154,,5.0,58.0,0.0,10.0
Randall Telfer,TE,USC,23,198.0,2014.0,13.0,Big Ten,0,0,1,0,0,,,,0.0,0.0,,,,1.6153846153846154,197.0,2.0,15.153846153846153,0.15384615384615385,9.380952380952381,-0.44615384615384635,-0.046153846153846156,5.293304824724492,0.07106690545187015,14.0,,,,,,2.4,0,0,0,1,,1.6153846153846154,15.153846153846153,0.15384615384615385,,2.0,4.0,0.0,9.380952380952381
Rory Anderson,TE,South Carolina,22,254.0,2014.0,10.0,SEC,0,0,0,0,1,,,,0.0,0.0,,,,2.2,260.0,1.0,26.0,0.1,11.818181818181817,-0.11111111111111072,0.1,5.541263545158426,0.06274558051381586,,,,,,,0.0,0,0,0,1,,2.2,26.0,0.1,,,,,11.818181818181818
Ryan Izzo,TE,Florida St.,22,250.0,2017.0,13.0,ACC,1,0,0,0,0,,,,0.0,0.0,,,,1.5384615384615385,317.0,3.0,24.384615384615383,0.23076923076923078,15.849999999999998,6.923076923076923,0.15384615384615385,5.5254529391317835,0.06324555320336758,6.0,,,,,,23.4,0,0,0,1,,1.5384615384615385,24.384615384615383,0.23076923076923078,,6.0,114.0,1.0,15.85
Sam LaPorta,TE,Iowa,22,34.0,2022.0,12.0,Big Ten,0,0,1,0,0,,,,0.5,0.0,,,,5.0,663.0,1.0,55.25,0.08333333333333333,11.049999999999999,7.392857142857146,-0.13095238095238093,3.5553480614894135,0.17149858514250882,17.0,,,,,,234.9,0,0,0,1,,4.833333333333333,54.75,0.08333333333333333,,86.0,889.0,10.0,11.327586206896552
Stephen Sullivan,TE,LSU,23,251.0,2019.0,15.0,SEC,0,0,0,0,1,,,,0.0,0.0,,,,0.8,130.0,0.0,8.666666666666666,0.0,10.833333333333334,-20.794871794871796,-0.15384615384615385,5.529429087511423,0.06311944030978031,1.0,,,,,,0.0,0,0,0,1,,0.8,8.666666666666666,0.0,,0.0,0.0,0.0,10.833333333333334
T.J. Hockenson,TE,Iowa,22,8.0,2018.0,13.0,Big Ten,0,0,1,0,0,,,,0.3076923076923077,0.07692307692307693,,,,3.8461538461538463,764.0,7.0,58.76923076923077,0.5384615384615384,15.28,34.153846153846146,0.30769230769230765,2.1972245773362196,0.35355339059327373,12.0,,,,,,80.7,0,0,0,1,,3.769230769230769,58.46153846153846,0.46153846153846156,,32.0,367.0,2.0,15.510204081632653
Tanner McLachlan,TE,Arizona,25,194.0,2023.0,13.0,Big 12,0,1,0,0,0,,,,0.0,0.0,,,,3.4615384615384617,528.0,4.0,40.61538461538461,0.3076923076923077,11.733333333333333,2.615384615384613,0.14102564102564105,5.272999558563747,0.07179581586177382,,,,,,,0.0,0,0,0,1,,3.4615384615384617,40.61538461538461,0.3076923076923077,,,,,11.733333333333333
Teagan Quitoriano,TE,Oregon St.,22,170.0,2021.0,13.0,Other,0,0,0,1,0,,,,0.0,0.0,,,,1.4615384615384615,214.0,3.0,16.46153846153846,0.23076923076923078,11.263157894736842,-9.967032967032967,0.08791208791208793,5.14166355650266,0.07669649888473704,9.0,,,,,,30.3,0,0,0,1,,1.4615384615384615,16.46153846153846,0.23076923076923078,,7.0,113.0,2.0,11.263157894736842
Temarrick Hemingway,TE,South Carolina St.,23,177.0,2015.0,12.0,Other,0,0,0,1,0,,,,1.6666666666666667,0.0,,,,6.333333333333333,1082.0,8.0,90.16666666666667,0.6666666666666666,14.236842105263158,-55.66666666666667,-0.7500000000000001,5.181783550292085,0.07516460280028289,8.0,,,,,,0.0,0,0,0,1,,6.25,88.5,0.6666666666666666,,0.0,0.0,0.0,14.16
Theo Johnson,TE,Penn St.,23,107.0,2023.0,13.0,Big Ten,0,0,1,0,0,,,,0.0,0.0,,,,2.6153846153846154,341.0,7.0,26.23076923076923,0.5384615384615384,10.029411764705882,-3.5874125874125866,0.1748251748251748,4.68213122712422,0.09667364890456635,12.0,,,,,,68.1,0,0,0,1,,2.6153846153846154,26.23076923076923,0.5384615384615384,,29.0,331.0,1.0,10.029411764705882
Thomas Duarte,TE,UCLA,21,231.0,2015.0,13.0,Big Ten,0,0,1,0,0,,,,0.0,0.0,,,,4.076923076923077,872.0,10.0,67.07692307692308,0.7692307692307693,16.452830188679247,22.07692307692308,0.43589743589743596,5.44673737166631,0.0657951694959769,,,,,,,0.0,0,0,0,1,,4.076923076923077,67.07692307692308,0.7692307692307693,,,,,16.452830188679247
Tip Reiman,TE,Illinois,22,82.0,2023.0,12.0,Big Ten,0,0,1,0,0,,,,0.0,0.0,,,,1.5833333333333333,203.0,3.0,16.916666666666668,0.25,10.68421052631579,3.532051282051283,0.17307692307692307,4.418840607796598,0.11043152607484653,17.0,,,,,,9.7,0,0,0,1,,1.5833333333333333,16.916666666666668,0.25,,6.0,37.0,0.0,10.68421052631579
Tommy Sweeney,TE,Boston Col.,24,228.0,2018.0,12.0,Other,0,0,0,1,0,,,,0.0,0.0,,,,2.6666666666666665,348.0,3.0,29.0,0.25,10.875,-10.384615384615387,-0.05769230769230771,5.43372200355424,0.06622661785325219,6.0,,,,,,19.4,0,0,0,1,,2.6666666666666665,29.0,0.25,,8.0,114.0,0.0,10.875
Tommy Tremble,TE,Notre Dame,21,83.0,2020.0,12.0,Other,0,0,0,1,0,,,,0.3333333333333333,0.0,,,,1.6666666666666667,217.0,0.0,18.083333333333332,0.0,10.85,4.0064102564102555,-0.3076923076923077,4.430816798843313,0.10976425998969035,16.0,,,,,,44.0,0,0,0,1,,1.5833333333333333,17.75,0.0,,20.0,180.0,1.0,11.210526315789474
Tre' McKitty,TE,Georgia,22,97.0,2020.0,7.0,SEC,0,0,0,0,1,,,,0.0,0.0,,,,0.8571428571428571,108.0,1.0,15.428571428571429,0.14285714285714285,18.0,-4.654761904761903,0.14285714285714285,4.584967478670572,0.10153461651336192,11.0,,,,,,10.5,0,0,0,1,,0.8571428571428571,15.428571428571429,0.14285714285714285,,6.0,45.0,0.0,18.0
Trevon Wesco,TE,West Virginia,23,121.0,2018.0,12.0,Big 12,0,1,0,0,0,,,,0.25,0.0,,,,2.25,369.0,1.0,30.75,0.08333333333333333,13.666666666666666,30.666666666666668,0.08333333333333333,4.804021044733257,0.09090909090909091,16.0,,,,,,6.7,0,0,0,1,,2.1666666666666665,30.5,0.08333333333333333,,2.0,47.0,0.0,14.076923076923077
Trey McBride,TE,Colorado St.,22,55.0,2021.0,12.0,Other,0,0,0,1,0,,,,5.75,0.08333333333333333,,,,7.583333333333333,1190.0,2.0,99.16666666666667,0.16666666666666666,13.076923076923078,16.66666666666667,-0.8333333333333334,4.02535169073515,0.13483997249264842,16.0,,,,,,61.5,0,0,0,1,,7.5,93.41666666666667,0.08333333333333333,,29.0,265.0,1.0,12.455555555555556
Troy Fumagalli,TE,Wisconsin,23,156.0,2017.0,13.0,Big Ten,0,0,1,0,0,,,,0.0,0.0,,,,3.5384615384615383,547.0,4.0,42.07692307692308,0.3076923076923077,11.891304347826086,0.6483516483516496,0.16483516483516486,5.056245805348308,0.08006407690254357,11.0,,,,,,15.8,0,0,0,1,,3.5384615384615383,42.07692307692308,0.3076923076923077,,6.0,38.0,1.0,11.891304347826088
Tucker Kraft,TE,South Dakota St.,22,78.0,2022.0,6.0,Other,0,0,0,1,0,,,,0.0,0.0,,,,6.166666666666667,417.0,3.0,69.5,0.5,11.270270270270268,-13.65384615384616,-0.42307692307692313,4.3694478524670215,0.11322770341445956,17.0,,,,,,78.5,0,0,0,1,,6.166666666666667,69.5,0.5,,31.0,355.0,2.0,11.27027027027027
Tyler Conklin,TE,Central Michigan,23,157.0,2017.0,8.0,Other,0,0,0,1,0,,,,0.0,0.0,,,,4.375,504.0,5.0,63.0,0.625,14.4,19.92307692307692,0.16346153846153844,5.062595033026967,0.07980868844676221,16.0,,,,,,12.7,0,0,0,1,,4.375,63.0,0.625,,5.0,77.0,0.0,14.4
Tyler Davis,TE,Georgia Tech,23,206.0,2019.0,12.0,ACC,1,0,0,0,0,,,,0.0,0.0,,,,1.4166666666666667,148.0,1.0,12.333333333333334,0.08333333333333333,8.705882352941176,-7.416666666666666,-0.4166666666666667,5.332718793265369,0.06967330142916177,8.0,,,,,,0.0,0,0,0,1,,1.4166666666666667,12.333333333333334,0.08333333333333333,,0.0,0.0,0.0,8.705882352941176
Tyler Higbee,TE,Western Kentucky,23,110.0,2015.0,9.0,Other,0,0,0,1,0,,,,0.0,0.0,,,,4.222222222222222,563.0,8.0,62.55555555555556,0.8888888888888888,14.81578947368421,41.64646464646465,0.5252525252525252,4.709530201312334,0.09534625892455924,16.0,,,,,,25.5,0,0,0,1,,4.222222222222222,62.55555555555556,0.8888888888888888,,11.0,85.0,1.0,14.81578947368421
Tyler Kroft,TE,Rutgers,22,85.0,2014.0,13.0,Big Ten,0,0,1,0,0,,,,0.0,0.0,,,,1.8461538461538463,269.0,0.0,20.692307692307693,0.0,11.208333333333332,-23.384615384615387,-0.3076923076923077,4.454347296253507,0.10846522890932808,16.0,,,,,,29.9,0,0,0,1,,1.8461538461538463,20.692307692307693,0.0,,11.0,129.0,1.0,11.208333333333334
Will Dissly,TE,Washington,22,120.0,2017.0,13.0,Big Ten,0,0,1,0,0,,,,0.0,0.0,,,,1.6153846153846154,289.0,2.0,22.23076923076923,0.15384615384615385,13.761904761904761,18.873626373626372,0.08241758241758243,4.795790545596741,0.09128709291752768,4.0,,,,,,35.6,0,0,0,1,,1.6153846153846154,22.23076923076923,0.15384615384615385,,8.0,156.0,2.0,13.761904761904763
Will Mallory,TE,Miami (FL),24,162.0,2022.0,12.0,ACC,1,0,0,0,0,,,,0.0,0.0,,,,3.5,538.0,3.0,44.833333333333336,0.25,12.80952380952381,15.916666666666668,-0.08333333333333331,5.093750200806762,0.07856742013183861,12.0,,,,,,38.7,0,0,0,1,,3.5,44.833333333333336,0.25,,18.0,207.0,0.0,12.80952380952381
Zach Davidson,TE,Central Missouri St.,23,168.0,2020.0,10.0,Other,0,0,0,1,0,,,,0.3,0.0,,,,3.1,288.0,2.0,28.8,0.2,9.290322580645162,-3.8666666666666636,-0.04999999999999999,5.1298987149230735,0.07715167498104596,2.0,,,,,,1.5,0,0,0,1,,2.9,28.5,0.2,,1.0,5.0,0.0,9.827586206896552
Zach Gentry,TE,Michigan,22,141.0,2018.0,13.0,Big Ten,0,0,1,0,0,,,,0.0,0.0,,,,2.4615384615384617,514.0,2.0,39.53846153846154,0.15384615384615385,16.0625,16.230769230769234,0.0,4.955827057601261,0.0842151921066519,4.0,,,,,,1.4,0,0,0,1,,2.4615384615384617,39.53846153846154,0.15384615384615385,,1.0,4.0,0.0,16.0625
Zack Kuntz,TE,Old Dominion,24,220.0,2022.0,5.0,Other,0,0,0,1,0,,,,0.0,0.0,,,,2.4,144.0,2.0,28.8,0.4,12.0,-24.430769230769233,0.015384615384615385,5.3981627015177525,0.06741998624632421,,,,,,,0.0,0,0,0,1,,2.4,28.8,0.4,,,,,12.0
